path,label,group,split,source_url,license,annotator,notes
audio/person_01/take_01.wav,김민준,person_01_session_01,train,generated:edge-tts,synthetic-demo,generator,voice=ko-KR-SunHiNeural; sanity-check only
audio/person_01/take_02.wav,김민준,person_01_session_02,val,generated:edge-tts,synthetic-demo,generator,voice=ko-KR-SunHiNeural; sanity-check only
audio/person_01/take_03.wav,김민준,person_01_session_03,test,generated:edge-tts,synthetic-demo,generator,voice=ko-KR-SunHiNeural; sanity-check only
audio/person_02/take_01.wav,이서준,person_02_session_01,train,generated:edge-tts,synthetic-demo,generator,voice=ko-KR-InJoonNeural; sanity-check only
audio/person_02/take_02.wav,이서준,person_02_session_02,val,generated:edge-tts,synthetic-demo,generator,voice=ko-KR-InJoonNeural; sanity-check only
audio/person_02/take_03.wav,이서준,person_02_session_03,test,generated:edge-tts,synthetic-demo,generator,voice=ko-KR-InJoonNeural; sanity-check only
audio/person_03/take_01.wav,박도윤,person_03_session_01,train,generated:edge-tts,synthetic-demo,generator,voice=ko-KR-SunHiNeural; sanity-check only
audio/person_03/take_02.wav,박도윤,person_03_session_02,val,generated:edge-tts,synthetic-demo,generator,voice=ko-KR-SunHiNeural; sanity-check only
audio/person_03/take_03.wav,박도윤,person_03_session_03,test,generated:edge-tts,synthetic-demo,generator,voice=ko-KR-SunHiNeural; sanity-check only
audio/person_04/take_01.wav,최예준,person_04_session_01,train,generated:edge-tts,synthetic-demo,generator,voice=ko-KR-InJoonNeural; sanity-check only
audio/person_04/take_02.wav,최예준,person_04_session_02,val,generated:edge-tts,synthetic-demo,generator,voice=ko-KR-InJoonNeural; sanity-check only
audio/person_04/take_03.wav,최예준,person_04_session_03,test,generated:edge-tts,synthetic-demo,generator,voice=ko-KR-InJoonNeural; sanity-check only
audio/person_05/take_01.wav,정시우,person_05_session_01,train,generated:edge-tts,synthetic-demo,generator,voice=ko-KR-SunHiNeural; sanity-check only
audio/person_05/take_02.wav,정시우,person_05_session_02,val,generated:edge-tts,synthetic-demo,generator,voice=ko-KR-SunHiNeural; sanity-check only
audio/person_05/take_03.wav,정시우,person_05_session_03,test,generated:edge-tts,synthetic-demo,generator,voice=ko-KR-SunHiNeural; sanity-check only
audio/person_06/take_01.wav,강주원,person_06_session_01,train,generated:edge-tts,synthetic-demo,generator,voice=ko-KR-InJoonNeural; sanity-check only
audio/person_06/take_02.wav,강주원,person_06_session_02,val,generated:edge-tts,synthetic-demo,generator,voice=ko-KR-InJoonNeural; sanity-check only
audio/person_06/take_03.wav,강주원,person_06_session_03,test,generated:edge-tts,synthetic-demo,generator,voice=ko-KR-InJoonNeural; sanity-check only
audio/person_07/take_01.wav,조하준,person_07_session_01,train,generated:edge-tts,synthetic-demo,generator,voice=ko-KR-SunHiNeural; sanity-check only
audio/person_07/take_02.wav,조하준,person_07_session_02,val,generated:edge-tts,synthetic-demo,generator,voice=ko-KR-SunHiNeural; sanity-check only
audio/person_07/take_03.wav,조하준,person_07_session_03,test,generated:edge-tts,synthetic-demo,generator,voice=ko-KR-SunHiNeural; sanity-check only
audio/person_08/take_01.wav,윤지호,person_08_session_01,train,generated:edge-tts,synthetic-demo,generator,voice=ko-KR-InJoonNeural; sanity-check only
audio/person_08/take_02.wav,윤지호,person_08_session_02,val,generated:edge-tts,synthetic-demo,generator,voice=ko-KR-InJoonNeural; sanity-check only
audio/person_08/take_03.wav,윤지호,person_08_session_03,test,generated:edge-tts,synthetic-demo,generator,voice=ko-KR-InJoonNeural; sanity-check only
audio/person_09/take_01.wav,장현우,person_09_session_01,train,generated:edge-tts,synthetic-demo,generator,voice=ko-KR-SunHiNeural; sanity-check only
audio/person_09/take_02.wav,장현우,person_09_session_02,val,generated:edge-tts,synthetic-demo,generator,voice=ko-KR-SunHiNeural; sanity-check only
audio/person_09/take_03.wav,장현우,person_09_session_03,test,generated:edge-tts,synthetic-demo,generator,voice=ko-KR-SunHiNeural; sanity-check only
audio/person_10/take_01.wav,임준서,person_10_session_01,train,generated:edge-tts,synthetic-demo,generator,voice=ko-KR-InJoonNeural; sanity-check only
audio/person_10/take_02.wav,임준서,person_10_session_02,val,generated:edge-tts,synthetic-demo,generator,voice=ko-KR-InJoonNeural; sanity-check only
audio/person_10/take_03.wav,임준서,person_10_session_03,test,generated:edge-tts,synthetic-demo,generator,voice=ko-KR-InJoonNeural; sanity-check only
audio/person_11/take_01.wav,한서연,person_11_session_01,train,generated:edge-tts,synthetic-demo,generator,voice=ko-KR-SunHiNeural; sanity-check only
audio/person_11/take_02.wav,한서연,person_11_session_02,val,generated:edge-tts,synthetic-demo,generator,voice=ko-KR-SunHiNeural; sanity-check only
audio/person_11/take_03.wav,한서연,person_11_session_03,test,generated:edge-tts,synthetic-demo,generator,voice=ko-KR-SunHiNeural; sanity-check only
audio/person_12/take_01.wav,오지우,person_12_session_01,train,generated:edge-tts,synthetic-demo,generator,voice=ko-KR-InJoonNeural; sanity-check only
audio/person_12/take_02.wav,오지우,person_12_session_02,val,generated:edge-tts,synthetic-demo,generator,voice=ko-KR-InJoonNeural; sanity-check only
audio/person_12/take_03.wav,오지우,person_12_session_03,test,generated:edge-tts,synthetic-demo,generator,voice=ko-KR-InJoonNeural; sanity-check only
audio/person_13/take_01.wav,서하윤,person_13_session_01,train,generated:edge-tts,synthetic-demo,generator,voice=ko-KR-SunHiNeural; sanity-check only
audio/person_13/take_02.wav,서하윤,person_13_session_02,val,generated:edge-tts,synthetic-demo,generator,voice=ko-KR-SunHiNeural; sanity-check only
audio/person_13/take_03.wav,서하윤,person_13_session_03,test,generated:edge-tts,synthetic-demo,generator,voice=ko-KR-SunHiNeural; sanity-check only
audio/person_14/take_01.wav,신서아,person_14_session_01,train,generated:edge-tts,synthetic-demo,generator,voice=ko-KR-InJoonNeural; sanity-check only
audio/person_14/take_02.wav,신서아,person_14_session_02,val,generated:edge-tts,synthetic-demo,generator,voice=ko-KR-InJoonNeural; sanity-check only
audio/person_14/take_03.wav,신서아,person_14_session_03,test,generated:edge-tts,synthetic-demo,generator,voice=ko-KR-InJoonNeural; sanity-check only
audio/person_15/take_01.wav,권지아,person_15_session_01,train,generated:edge-tts,synthetic-demo,generator,voice=ko-KR-SunHiNeural; sanity-check only
audio/person_15/take_02.wav,권지아,person_15_session_02,val,generated:edge-tts,synthetic-demo,generator,voice=ko-KR-SunHiNeural; sanity-check only
audio/person_15/take_03.wav,권지아,person_15_session_03,test,generated:edge-tts,synthetic-demo,generator,voice=ko-KR-SunHiNeural; sanity-check only
audio/person_16/take_01.wav,황수빈,person_16_session_01,train,generated:edge-tts,synthetic-demo,generator,voice=ko-KR-InJoonNeural; sanity-check only
audio/person_16/take_02.wav,황수빈,person_16_session_02,val,generated:edge-tts,synthetic-demo,generator,voice=ko-KR-InJoonNeural; sanity-check only
audio/person_16/take_03.wav,황수빈,person_16_session_03,test,generated:edge-tts,synthetic-demo,generator,voice=ko-KR-InJoonNeural; sanity-check only
audio/person_17/take_01.wav,안유진,person_17_session_01,train,generated:edge-tts,synthetic-demo,generator,voice=ko-KR-SunHiNeural; sanity-check only
audio/person_17/take_02.wav,안유진,person_17_session_02,val,generated:edge-tts,synthetic-demo,generator,voice=ko-KR-SunHiNeural; sanity-check only
audio/person_17/take_03.wav,안유진,person_17_session_03,test,generated:edge-tts,synthetic-demo,generator,voice=ko-KR-SunHiNeural; sanity-check only
audio/person_18/take_01.wav,송채원,person_18_session_01,train,generated:edge-tts,synthetic-demo,generator,voice=ko-KR-InJoonNeural; sanity-check only
audio/person_18/take_02.wav,송채원,person_18_session_02,val,generated:edge-tts,synthetic-demo,generator,voice=ko-KR-InJoonNeural; sanity-check only
audio/person_18/take_03.wav,송채원,person_18_session_03,test,generated:edge-tts,synthetic-demo,generator,voice=ko-KR-InJoonNeural; sanity-check only
audio/person_19/take_01.wav,전민서,person_19_session_01,train,generated:edge-tts,synthetic-demo,generator,voice=ko-KR-SunHiNeural; sanity-check only
audio/person_19/take_02.wav,전민서,person_19_session_02,val,generated:edge-tts,synthetic-demo,generator,voice=ko-KR-SunHiNeural; sanity-check only
audio/person_19/take_03.wav,전민서,person_19_session_03,test,generated:edge-tts,synthetic-demo,generator,voice=ko-KR-SunHiNeural; sanity-check only
audio/person_20/take_01.wav,홍예은,person_20_session_01,train,generated:edge-tts,synthetic-demo,generator,voice=ko-KR-InJoonNeural; sanity-check only
audio/person_20/take_02.wav,홍예은,person_20_session_02,val,generated:edge-tts,synthetic-demo,generator,voice=ko-KR-InJoonNeural; sanity-check only
audio/person_20/take_03.wav,홍예은,person_20_session_03,test,generated:edge-tts,synthetic-demo,generator,voice=ko-KR-InJoonNeural; sanity-check only
audio/person_21/take_01.wav,유도현,person_21_session_01,train,generated:edge-tts,synthetic-demo,generator,voice=ko-KR-SunHiNeural; sanity-check only
audio/person_21/take_02.wav,유도현,person_21_session_02,val,generated:edge-tts,synthetic-demo,generator,voice=ko-KR-SunHiNeural; sanity-check only
audio/person_21/take_03.wav,유도현,person_21_session_03,test,generated:edge-tts,synthetic-demo,generator,voice=ko-KR-SunHiNeural; sanity-check only
audio/person_22/take_01.wav,고은우,person_22_session_01,train,generated:edge-tts,synthetic-demo,generator,voice=ko-KR-InJoonNeural; sanity-check only
audio/person_22/take_02.wav,고은우,person_22_session_02,val,generated:edge-tts,synthetic-demo,generator,voice=ko-KR-InJoonNeural; sanity-check only
audio/person_22/take_03.wav,고은우,person_22_session_03,test,generated:edge-tts,synthetic-demo,generator,voice=ko-KR-InJoonNeural; sanity-check only
audio/person_23/take_01.wav,문지훈,person_23_session_01,train,generated:edge-tts,synthetic-demo,generator,voice=ko-KR-SunHiNeural; sanity-check only
audio/person_23/take_02.wav,문지훈,person_23_session_02,val,generated:edge-tts,synthetic-demo,generator,voice=ko-KR-SunHiNeural; sanity-check only
audio/person_23/take_03.wav,문지훈,person_23_session_03,test,generated:edge-tts,synthetic-demo,generator,voice=ko-KR-SunHiNeural; sanity-check only
audio/person_24/take_01.wav,양준혁,person_24_session_01,train,generated:edge-tts,synthetic-demo,generator,voice=ko-KR-InJoonNeural; sanity-check only
audio/person_24/take_02.wav,양준혁,person_24_session_02,val,generated:edge-tts,synthetic-demo,generator,voice=ko-KR-InJoonNeural; sanity-check only
audio/person_24/take_03.wav,양준혁,person_24_session_03,test,generated:edge-tts,synthetic-demo,generator,voice=ko-KR-InJoonNeural; sanity-check only
audio/person_25/take_01.wav,손태윤,person_25_session_01,train,generated:edge-tts,synthetic-demo,generator,voice=ko-KR-SunHiNeural; sanity-check only
audio/person_25/take_02.wav,손태윤,person_25_session_02,val,generated:edge-tts,synthetic-demo,generator,voice=ko-KR-SunHiNeural; sanity-check only
audio/person_25/take_03.wav,손태윤,person_25_session_03,test,generated:edge-tts,synthetic-demo,generator,voice=ko-KR-SunHiNeural; sanity-check only
audio/person_26/take_01.wav,배수아,person_26_session_01,train,generated:edge-tts,synthetic-demo,generator,voice=ko-KR-InJoonNeural; sanity-check only
audio/person_26/take_02.wav,배수아,person_26_session_02,val,generated:edge-tts,synthetic-demo,generator,voice=ko-KR-InJoonNeural; sanity-check only
audio/person_26/take_03.wav,배수아,person_26_session_03,test,generated:edge-tts,synthetic-demo,generator,voice=ko-KR-InJoonNeural; sanity-check only
audio/person_27/take_01.wav,백나연,person_27_session_01,train,generated:edge-tts,synthetic-demo,generator,voice=ko-KR-SunHiNeural; sanity-check only
audio/person_27/take_02.wav,백나연,person_27_session_02,val,generated:edge-tts,synthetic-demo,generator,voice=ko-KR-SunHiNeural; sanity-check only
audio/person_27/take_03.wav,백나연,person_27_session_03,test,generated:edge-tts,synthetic-demo,generator,voice=ko-KR-SunHiNeural; sanity-check only
audio/person_28/take_01.wav,허다은,person_28_session_01,train,generated:edge-tts,synthetic-demo,generator,voice=ko-KR-InJoonNeural; sanity-check only
audio/person_28/take_02.wav,허다은,person_28_session_02,val,generated:edge-tts,synthetic-demo,generator,voice=ko-KR-InJoonNeural; sanity-check only
audio/person_28/take_03.wav,허다은,person_28_session_03,test,generated:edge-tts,synthetic-demo,generator,voice=ko-KR-InJoonNeural; sanity-check only
audio/person_29/take_01.wav,남가은,person_29_session_01,train,generated:edge-tts,synthetic-demo,generator,voice=ko-KR-SunHiNeural; sanity-check only
audio/person_29/take_02.wav,남가은,person_29_session_02,val,generated:edge-tts,synthetic-demo,generator,voice=ko-KR-SunHiNeural; sanity-check only
audio/person_29/take_03.wav,남가은,person_29_session_03,test,generated:edge-tts,synthetic-demo,generator,voice=ko-KR-SunHiNeural; sanity-check only
audio/person_30/take_01.wav,심유나,person_30_session_01,train,generated:edge-tts,synthetic-demo,generator,voice=ko-KR-InJoonNeural; sanity-check only
audio/person_30/take_02.wav,심유나,person_30_session_02,val,generated:edge-tts,synthetic-demo,generator,voice=ko-KR-InJoonNeural; sanity-check only
audio/person_30/take_03.wav,심유나,person_30_session_03,test,generated:edge-tts,synthetic-demo,generator,voice=ko-KR-InJoonNeural; sanity-check only
