path,label,group,split,speaker_id,room_session_id,room,distance_cm,noise_level,noise_type,device,style,source_url,license,annotator,notes
audio/출발/clip_001.wav,출발,,,,,,,,,,,,,,fill actual speaker/session IDs and recording conditions
audio/출발/clip_002.wav,출발,,,,,,,,,,,,,,fill actual speaker/session IDs and recording conditions
audio/출발/clip_003.wav,출발,,,,,,,,,,,,,,fill actual speaker/session IDs and recording conditions
audio/출발/clip_004.wav,출발,,,,,,,,,,,,,,fill actual speaker/session IDs and recording conditions
audio/출발/clip_005.wav,출발,,,,,,,,,,,,,,fill actual speaker/session IDs and recording conditions
audio/출발/clip_006.wav,출발,,,,,,,,,,,,,,fill actual speaker/session IDs and recording conditions
audio/출발/clip_007.wav,출발,,,,,,,,,,,,,,fill actual speaker/session IDs and recording conditions
audio/출발/clip_008.wav,출발,,,,,,,,,,,,,,fill actual speaker/session IDs and recording conditions
audio/출발/clip_009.wav,출발,,,,,,,,,,,,,,fill actual speaker/session IDs and recording conditions
audio/출발/clip_010.wav,출발,,,,,,,,,,,,,,fill actual speaker/session IDs and recording conditions
audio/출발/clip_011.wav,출발,,,,,,,,,,,,,,fill actual speaker/session IDs and recording conditions
audio/출발/clip_012.wav,출발,,,,,,,,,,,,,,fill actual speaker/session IDs and recording conditions
audio/출발/clip_013.wav,출발,,,,,,,,,,,,,,fill actual speaker/session IDs and recording conditions
audio/출발/clip_014.wav,출발,,,,,,,,,,,,,,fill actual speaker/session IDs and recording conditions
audio/출발/clip_015.wav,출발,,,,,,,,,,,,,,fill actual speaker/session IDs and recording conditions
audio/출발/clip_016.wav,출발,,,,,,,,,,,,,,fill actual speaker/session IDs and recording conditions
audio/출발/clip_017.wav,출발,,,,,,,,,,,,,,fill actual speaker/session IDs and recording conditions
audio/출발/clip_018.wav,출발,,,,,,,,,,,,,,fill actual speaker/session IDs and recording conditions
audio/출발/clip_019.wav,출발,,,,,,,,,,,,,,fill actual speaker/session IDs and recording conditions
audio/출발/clip_020.wav,출발,,,,,,,,,,,,,,fill actual speaker/session IDs and recording conditions
audio/출발/clip_021.wav,출발,,,,,,,,,,,,,,fill actual speaker/session IDs and recording conditions
audio/출발/clip_022.wav,출발,,,,,,,,,,,,,,fill actual speaker/session IDs and recording conditions
audio/출발/clip_023.wav,출발,,,,,,,,,,,,,,fill actual speaker/session IDs and recording conditions
audio/출발/clip_024.wav,출발,,,,,,,,,,,,,,fill actual speaker/session IDs and recording conditions
audio/출발/clip_025.wav,출발,,,,,,,,,,,,,,fill actual speaker/session IDs and recording conditions
audio/출발/clip_026.wav,출발,,,,,,,,,,,,,,fill actual speaker/session IDs and recording conditions
audio/출발/clip_027.wav,출발,,,,,,,,,,,,,,fill actual speaker/session IDs and recording conditions
audio/출발/clip_028.wav,출발,,,,,,,,,,,,,,fill actual speaker/session IDs and recording conditions
audio/출발/clip_029.wav,출발,,,,,,,,,,,,,,fill actual speaker/session IDs and recording conditions
audio/출발/clip_030.wav,출발,,,,,,,,,,,,,,fill actual speaker/session IDs and recording conditions
audio/출발/clip_031.wav,출발,,,,,,,,,,,,,,fill actual speaker/session IDs and recording conditions
audio/출발/clip_032.wav,출발,,,,,,,,,,,,,,fill actual speaker/session IDs and recording conditions
audio/출발/clip_033.wav,출발,,,,,,,,,,,,,,fill actual speaker/session IDs and recording conditions
audio/출발/clip_034.wav,출발,,,,,,,,,,,,,,fill actual speaker/session IDs and recording conditions
audio/출발/clip_035.wav,출발,,,,,,,,,,,,,,fill actual speaker/session IDs and recording conditions
audio/출발/clip_036.wav,출발,,,,,,,,,,,,,,fill actual speaker/session IDs and recording conditions
audio/출발/clip_037.wav,출발,,,,,,,,,,,,,,fill actual speaker/session IDs and recording conditions
audio/출발/clip_038.wav,출발,,,,,,,,,,,,,,fill actual speaker/session IDs and recording conditions
audio/출발/clip_039.wav,출발,,,,,,,,,,,,,,fill actual speaker/session IDs and recording conditions
audio/출발/clip_040.wav,출발,,,,,,,,,,,,,,fill actual speaker/session IDs and recording conditions
audio/출발/clip_041.wav,출발,,,,,,,,,,,,,,fill actual speaker/session IDs and recording conditions
audio/출발/clip_042.wav,출발,,,,,,,,,,,,,,fill actual speaker/session IDs and recording conditions
audio/출발/clip_043.wav,출발,,,,,,,,,,,,,,fill actual speaker/session IDs and recording conditions
audio/출발/clip_044.wav,출발,,,,,,,,,,,,,,fill actual speaker/session IDs and recording conditions
audio/출발/clip_045.wav,출발,,,,,,,,,,,,,,fill actual speaker/session IDs and recording conditions
audio/출발/clip_046.wav,출발,,,,,,,,,,,,,,fill actual speaker/session IDs and recording conditions
audio/출발/clip_047.wav,출발,,,,,,,,,,,,,,fill actual speaker/session IDs and recording conditions
audio/출발/clip_048.wav,출발,,,,,,,,,,,,,,fill actual speaker/session IDs and recording conditions
audio/출발/clip_049.wav,출발,,,,,,,,,,,,,,fill actual speaker/session IDs and recording conditions
audio/출발/clip_050.wav,출발,,,,,,,,,,,,,,fill actual speaker/session IDs and recording conditions
audio/출발/clip_051.wav,출발,,,,,,,,,,,,,,fill actual speaker/session IDs and recording conditions
audio/출발/clip_052.wav,출발,,,,,,,,,,,,,,fill actual speaker/session IDs and recording conditions
audio/출발/clip_053.wav,출발,,,,,,,,,,,,,,fill actual speaker/session IDs and recording conditions
audio/출발/clip_054.wav,출발,,,,,,,,,,,,,,fill actual speaker/session IDs and recording conditions
audio/출발/clip_055.wav,출발,,,,,,,,,,,,,,fill actual speaker/session IDs and recording conditions
audio/출발/clip_056.wav,출발,,,,,,,,,,,,,,fill actual speaker/session IDs and recording conditions
audio/출발/clip_057.wav,출발,,,,,,,,,,,,,,fill actual speaker/session IDs and recording conditions
audio/출발/clip_058.wav,출발,,,,,,,,,,,,,,fill actual speaker/session IDs and recording conditions
audio/출발/clip_059.wav,출발,,,,,,,,,,,,,,fill actual speaker/session IDs and recording conditions
audio/출발/clip_060.wav,출발,,,,,,,,,,,,,,fill actual speaker/session IDs and recording conditions
audio/출발/clip_061.wav,출발,,,,,,,,,,,,,,fill actual speaker/session IDs and recording conditions
audio/출발/clip_062.wav,출발,,,,,,,,,,,,,,fill actual speaker/session IDs and recording conditions
audio/출발/clip_063.wav,출발,,,,,,,,,,,,,,fill actual speaker/session IDs and recording conditions
audio/출발/clip_064.wav,출발,,,,,,,,,,,,,,fill actual speaker/session IDs and recording conditions
audio/출발/clip_065.wav,출발,,,,,,,,,,,,,,fill actual speaker/session IDs and recording conditions
audio/출발/clip_066.wav,출발,,,,,,,,,,,,,,fill actual speaker/session IDs and recording conditions
audio/출발/clip_067.wav,출발,,,,,,,,,,,,,,fill actual speaker/session IDs and recording conditions
audio/출발/clip_068.wav,출발,,,,,,,,,,,,,,fill actual speaker/session IDs and recording conditions
audio/출발/clip_069.wav,출발,,,,,,,,,,,,,,fill actual speaker/session IDs and recording conditions
audio/출발/clip_070.wav,출발,,,,,,,,,,,,,,fill actual speaker/session IDs and recording conditions
audio/출발/clip_071.wav,출발,,,,,,,,,,,,,,fill actual speaker/session IDs and recording conditions
audio/출발/clip_072.wav,출발,,,,,,,,,,,,,,fill actual speaker/session IDs and recording conditions
audio/출발/clip_073.wav,출발,,,,,,,,,,,,,,fill actual speaker/session IDs and recording conditions
audio/출발/clip_074.wav,출발,,,,,,,,,,,,,,fill actual speaker/session IDs and recording conditions
audio/출발/clip_075.wav,출발,,,,,,,,,,,,,,fill actual speaker/session IDs and recording conditions
audio/출발/clip_076.wav,출발,,,,,,,,,,,,,,fill actual speaker/session IDs and recording conditions
audio/출발/clip_077.wav,출발,,,,,,,,,,,,,,fill actual speaker/session IDs and recording conditions
audio/출발/clip_078.wav,출발,,,,,,,,,,,,,,fill actual speaker/session IDs and recording conditions
audio/출발/clip_079.wav,출발,,,,,,,,,,,,,,fill actual speaker/session IDs and recording conditions
audio/출발/clip_080.wav,출발,,,,,,,,,,,,,,fill actual speaker/session IDs and recording conditions
audio/출발/clip_081.wav,출발,,,,,,,,,,,,,,fill actual speaker/session IDs and recording conditions
audio/출발/clip_082.wav,출발,,,,,,,,,,,,,,fill actual speaker/session IDs and recording conditions
audio/출발/clip_083.wav,출발,,,,,,,,,,,,,,fill actual speaker/session IDs and recording conditions
audio/출발/clip_084.wav,출발,,,,,,,,,,,,,,fill actual speaker/session IDs and recording conditions
audio/출발/clip_085.wav,출발,,,,,,,,,,,,,,fill actual speaker/session IDs and recording conditions
audio/출발/clip_086.wav,출발,,,,,,,,,,,,,,fill actual speaker/session IDs and recording conditions
audio/출발/clip_087.wav,출발,,,,,,,,,,,,,,fill actual speaker/session IDs and recording conditions
audio/출발/clip_088.wav,출발,,,,,,,,,,,,,,fill actual speaker/session IDs and recording conditions
audio/출발/clip_089.wav,출발,,,,,,,,,,,,,,fill actual speaker/session IDs and recording conditions
audio/출발/clip_090.wav,출발,,,,,,,,,,,,,,fill actual speaker/session IDs and recording conditions
audio/출발/clip_091.wav,출발,,,,,,,,,,,,,,fill actual speaker/session IDs and recording conditions
audio/출발/clip_092.wav,출발,,,,,,,,,,,,,,fill actual speaker/session IDs and recording conditions
audio/출발/clip_093.wav,출발,,,,,,,,,,,,,,fill actual speaker/session IDs and recording conditions
audio/출발/clip_094.wav,출발,,,,,,,,,,,,,,fill actual speaker/session IDs and recording conditions
audio/출발/clip_095.wav,출발,,,,,,,,,,,,,,fill actual speaker/session IDs and recording conditions
audio/출발/clip_096.wav,출발,,,,,,,,,,,,,,fill actual speaker/session IDs and recording conditions
audio/출발/clip_097.wav,출발,,,,,,,,,,,,,,fill actual speaker/session IDs and recording conditions
audio/출발/clip_098.wav,출발,,,,,,,,,,,,,,fill actual speaker/session IDs and recording conditions
audio/출발/clip_099.wav,출발,,,,,,,,,,,,,,fill actual speaker/session IDs and recording conditions
audio/출발/clip_100.wav,출발,,,,,,,,,,,,,,fill actual speaker/session IDs and recording conditions
audio/정지/clip_001.wav,정지,,,,,,,,,,,,,,fill actual speaker/session IDs and recording conditions
audio/정지/clip_002.wav,정지,,,,,,,,,,,,,,fill actual speaker/session IDs and recording conditions
audio/정지/clip_003.wav,정지,,,,,,,,,,,,,,fill actual speaker/session IDs and recording conditions
audio/정지/clip_004.wav,정지,,,,,,,,,,,,,,fill actual speaker/session IDs and recording conditions
audio/정지/clip_005.wav,정지,,,,,,,,,,,,,,fill actual speaker/session IDs and recording conditions
audio/정지/clip_006.wav,정지,,,,,,,,,,,,,,fill actual speaker/session IDs and recording conditions
audio/정지/clip_007.wav,정지,,,,,,,,,,,,,,fill actual speaker/session IDs and recording conditions
audio/정지/clip_008.wav,정지,,,,,,,,,,,,,,fill actual speaker/session IDs and recording conditions
audio/정지/clip_009.wav,정지,,,,,,,,,,,,,,fill actual speaker/session IDs and recording conditions
audio/정지/clip_010.wav,정지,,,,,,,,,,,,,,fill actual speaker/session IDs and recording conditions
audio/정지/clip_011.wav,정지,,,,,,,,,,,,,,fill actual speaker/session IDs and recording conditions
audio/정지/clip_012.wav,정지,,,,,,,,,,,,,,fill actual speaker/session IDs and recording conditions
audio/정지/clip_013.wav,정지,,,,,,,,,,,,,,fill actual speaker/session IDs and recording conditions
audio/정지/clip_014.wav,정지,,,,,,,,,,,,,,fill actual speaker/session IDs and recording conditions
audio/정지/clip_015.wav,정지,,,,,,,,,,,,,,fill actual speaker/session IDs and recording conditions
audio/정지/clip_016.wav,정지,,,,,,,,,,,,,,fill actual speaker/session IDs and recording conditions
audio/정지/clip_017.wav,정지,,,,,,,,,,,,,,fill actual speaker/session IDs and recording conditions
audio/정지/clip_018.wav,정지,,,,,,,,,,,,,,fill actual speaker/session IDs and recording conditions
audio/정지/clip_019.wav,정지,,,,,,,,,,,,,,fill actual speaker/session IDs and recording conditions
audio/정지/clip_020.wav,정지,,,,,,,,,,,,,,fill actual speaker/session IDs and recording conditions
audio/정지/clip_021.wav,정지,,,,,,,,,,,,,,fill actual speaker/session IDs and recording conditions
audio/정지/clip_022.wav,정지,,,,,,,,,,,,,,fill actual speaker/session IDs and recording conditions
audio/정지/clip_023.wav,정지,,,,,,,,,,,,,,fill actual speaker/session IDs and recording conditions
audio/정지/clip_024.wav,정지,,,,,,,,,,,,,,fill actual speaker/session IDs and recording conditions
audio/정지/clip_025.wav,정지,,,,,,,,,,,,,,fill actual speaker/session IDs and recording conditions
audio/정지/clip_026.wav,정지,,,,,,,,,,,,,,fill actual speaker/session IDs and recording conditions
audio/정지/clip_027.wav,정지,,,,,,,,,,,,,,fill actual speaker/session IDs and recording conditions
audio/정지/clip_028.wav,정지,,,,,,,,,,,,,,fill actual speaker/session IDs and recording conditions
audio/정지/clip_029.wav,정지,,,,,,,,,,,,,,fill actual speaker/session IDs and recording conditions
audio/정지/clip_030.wav,정지,,,,,,,,,,,,,,fill actual speaker/session IDs and recording conditions
audio/정지/clip_031.wav,정지,,,,,,,,,,,,,,fill actual speaker/session IDs and recording conditions
audio/정지/clip_032.wav,정지,,,,,,,,,,,,,,fill actual speaker/session IDs and recording conditions
audio/정지/clip_033.wav,정지,,,,,,,,,,,,,,fill actual speaker/session IDs and recording conditions
audio/정지/clip_034.wav,정지,,,,,,,,,,,,,,fill actual speaker/session IDs and recording conditions
audio/정지/clip_035.wav,정지,,,,,,,,,,,,,,fill actual speaker/session IDs and recording conditions
audio/정지/clip_036.wav,정지,,,,,,,,,,,,,,fill actual speaker/session IDs and recording conditions
audio/정지/clip_037.wav,정지,,,,,,,,,,,,,,fill actual speaker/session IDs and recording conditions
audio/정지/clip_038.wav,정지,,,,,,,,,,,,,,fill actual speaker/session IDs and recording conditions
audio/정지/clip_039.wav,정지,,,,,,,,,,,,,,fill actual speaker/session IDs and recording conditions
audio/정지/clip_040.wav,정지,,,,,,,,,,,,,,fill actual speaker/session IDs and recording conditions
audio/정지/clip_041.wav,정지,,,,,,,,,,,,,,fill actual speaker/session IDs and recording conditions
audio/정지/clip_042.wav,정지,,,,,,,,,,,,,,fill actual speaker/session IDs and recording conditions
audio/정지/clip_043.wav,정지,,,,,,,,,,,,,,fill actual speaker/session IDs and recording conditions
audio/정지/clip_044.wav,정지,,,,,,,,,,,,,,fill actual speaker/session IDs and recording conditions
audio/정지/clip_045.wav,정지,,,,,,,,,,,,,,fill actual speaker/session IDs and recording conditions
audio/정지/clip_046.wav,정지,,,,,,,,,,,,,,fill actual speaker/session IDs and recording conditions
audio/정지/clip_047.wav,정지,,,,,,,,,,,,,,fill actual speaker/session IDs and recording conditions
audio/정지/clip_048.wav,정지,,,,,,,,,,,,,,fill actual speaker/session IDs and recording conditions
audio/정지/clip_049.wav,정지,,,,,,,,,,,,,,fill actual speaker/session IDs and recording conditions
audio/정지/clip_050.wav,정지,,,,,,,,,,,,,,fill actual speaker/session IDs and recording conditions
audio/정지/clip_051.wav,정지,,,,,,,,,,,,,,fill actual speaker/session IDs and recording conditions
audio/정지/clip_052.wav,정지,,,,,,,,,,,,,,fill actual speaker/session IDs and recording conditions
audio/정지/clip_053.wav,정지,,,,,,,,,,,,,,fill actual speaker/session IDs and recording conditions
audio/정지/clip_054.wav,정지,,,,,,,,,,,,,,fill actual speaker/session IDs and recording conditions
audio/정지/clip_055.wav,정지,,,,,,,,,,,,,,fill actual speaker/session IDs and recording conditions
audio/정지/clip_056.wav,정지,,,,,,,,,,,,,,fill actual speaker/session IDs and recording conditions
audio/정지/clip_057.wav,정지,,,,,,,,,,,,,,fill actual speaker/session IDs and recording conditions
audio/정지/clip_058.wav,정지,,,,,,,,,,,,,,fill actual speaker/session IDs and recording conditions
audio/정지/clip_059.wav,정지,,,,,,,,,,,,,,fill actual speaker/session IDs and recording conditions
audio/정지/clip_060.wav,정지,,,,,,,,,,,,,,fill actual speaker/session IDs and recording conditions
audio/정지/clip_061.wav,정지,,,,,,,,,,,,,,fill actual speaker/session IDs and recording conditions
audio/정지/clip_062.wav,정지,,,,,,,,,,,,,,fill actual speaker/session IDs and recording conditions
audio/정지/clip_063.wav,정지,,,,,,,,,,,,,,fill actual speaker/session IDs and recording conditions
audio/정지/clip_064.wav,정지,,,,,,,,,,,,,,fill actual speaker/session IDs and recording conditions
audio/정지/clip_065.wav,정지,,,,,,,,,,,,,,fill actual speaker/session IDs and recording conditions
audio/정지/clip_066.wav,정지,,,,,,,,,,,,,,fill actual speaker/session IDs and recording conditions
audio/정지/clip_067.wav,정지,,,,,,,,,,,,,,fill actual speaker/session IDs and recording conditions
audio/정지/clip_068.wav,정지,,,,,,,,,,,,,,fill actual speaker/session IDs and recording conditions
audio/정지/clip_069.wav,정지,,,,,,,,,,,,,,fill actual speaker/session IDs and recording conditions
audio/정지/clip_070.wav,정지,,,,,,,,,,,,,,fill actual speaker/session IDs and recording conditions
audio/정지/clip_071.wav,정지,,,,,,,,,,,,,,fill actual speaker/session IDs and recording conditions
audio/정지/clip_072.wav,정지,,,,,,,,,,,,,,fill actual speaker/session IDs and recording conditions
audio/정지/clip_073.wav,정지,,,,,,,,,,,,,,fill actual speaker/session IDs and recording conditions
audio/정지/clip_074.wav,정지,,,,,,,,,,,,,,fill actual speaker/session IDs and recording conditions
audio/정지/clip_075.wav,정지,,,,,,,,,,,,,,fill actual speaker/session IDs and recording conditions
audio/정지/clip_076.wav,정지,,,,,,,,,,,,,,fill actual speaker/session IDs and recording conditions
audio/정지/clip_077.wav,정지,,,,,,,,,,,,,,fill actual speaker/session IDs and recording conditions
audio/정지/clip_078.wav,정지,,,,,,,,,,,,,,fill actual speaker/session IDs and recording conditions
audio/정지/clip_079.wav,정지,,,,,,,,,,,,,,fill actual speaker/session IDs and recording conditions
audio/정지/clip_080.wav,정지,,,,,,,,,,,,,,fill actual speaker/session IDs and recording conditions
audio/정지/clip_081.wav,정지,,,,,,,,,,,,,,fill actual speaker/session IDs and recording conditions
audio/정지/clip_082.wav,정지,,,,,,,,,,,,,,fill actual speaker/session IDs and recording conditions
audio/정지/clip_083.wav,정지,,,,,,,,,,,,,,fill actual speaker/session IDs and recording conditions
audio/정지/clip_084.wav,정지,,,,,,,,,,,,,,fill actual speaker/session IDs and recording conditions
audio/정지/clip_085.wav,정지,,,,,,,,,,,,,,fill actual speaker/session IDs and recording conditions
audio/정지/clip_086.wav,정지,,,,,,,,,,,,,,fill actual speaker/session IDs and recording conditions
audio/정지/clip_087.wav,정지,,,,,,,,,,,,,,fill actual speaker/session IDs and recording conditions
audio/정지/clip_088.wav,정지,,,,,,,,,,,,,,fill actual speaker/session IDs and recording conditions
audio/정지/clip_089.wav,정지,,,,,,,,,,,,,,fill actual speaker/session IDs and recording conditions
audio/정지/clip_090.wav,정지,,,,,,,,,,,,,,fill actual speaker/session IDs and recording conditions
audio/정지/clip_091.wav,정지,,,,,,,,,,,,,,fill actual speaker/session IDs and recording conditions
audio/정지/clip_092.wav,정지,,,,,,,,,,,,,,fill actual speaker/session IDs and recording conditions
audio/정지/clip_093.wav,정지,,,,,,,,,,,,,,fill actual speaker/session IDs and recording conditions
audio/정지/clip_094.wav,정지,,,,,,,,,,,,,,fill actual speaker/session IDs and recording conditions
audio/정지/clip_095.wav,정지,,,,,,,,,,,,,,fill actual speaker/session IDs and recording conditions
audio/정지/clip_096.wav,정지,,,,,,,,,,,,,,fill actual speaker/session IDs and recording conditions
audio/정지/clip_097.wav,정지,,,,,,,,,,,,,,fill actual speaker/session IDs and recording conditions
audio/정지/clip_098.wav,정지,,,,,,,,,,,,,,fill actual speaker/session IDs and recording conditions
audio/정지/clip_099.wav,정지,,,,,,,,,,,,,,fill actual speaker/session IDs and recording conditions
audio/정지/clip_100.wav,정지,,,,,,,,,,,,,,fill actual speaker/session IDs and recording conditions
audio/전진/clip_001.wav,전진,,,,,,,,,,,,,,fill actual speaker/session IDs and recording conditions
audio/전진/clip_002.wav,전진,,,,,,,,,,,,,,fill actual speaker/session IDs and recording conditions
audio/전진/clip_003.wav,전진,,,,,,,,,,,,,,fill actual speaker/session IDs and recording conditions
audio/전진/clip_004.wav,전진,,,,,,,,,,,,,,fill actual speaker/session IDs and recording conditions
audio/전진/clip_005.wav,전진,,,,,,,,,,,,,,fill actual speaker/session IDs and recording conditions
audio/전진/clip_006.wav,전진,,,,,,,,,,,,,,fill actual speaker/session IDs and recording conditions
audio/전진/clip_007.wav,전진,,,,,,,,,,,,,,fill actual speaker/session IDs and recording conditions
audio/전진/clip_008.wav,전진,,,,,,,,,,,,,,fill actual speaker/session IDs and recording conditions
audio/전진/clip_009.wav,전진,,,,,,,,,,,,,,fill actual speaker/session IDs and recording conditions
audio/전진/clip_010.wav,전진,,,,,,,,,,,,,,fill actual speaker/session IDs and recording conditions
audio/전진/clip_011.wav,전진,,,,,,,,,,,,,,fill actual speaker/session IDs and recording conditions
audio/전진/clip_012.wav,전진,,,,,,,,,,,,,,fill actual speaker/session IDs and recording conditions
audio/전진/clip_013.wav,전진,,,,,,,,,,,,,,fill actual speaker/session IDs and recording conditions
audio/전진/clip_014.wav,전진,,,,,,,,,,,,,,fill actual speaker/session IDs and recording conditions
audio/전진/clip_015.wav,전진,,,,,,,,,,,,,,fill actual speaker/session IDs and recording conditions
audio/전진/clip_016.wav,전진,,,,,,,,,,,,,,fill actual speaker/session IDs and recording conditions
audio/전진/clip_017.wav,전진,,,,,,,,,,,,,,fill actual speaker/session IDs and recording conditions
audio/전진/clip_018.wav,전진,,,,,,,,,,,,,,fill actual speaker/session IDs and recording conditions
audio/전진/clip_019.wav,전진,,,,,,,,,,,,,,fill actual speaker/session IDs and recording conditions
audio/전진/clip_020.wav,전진,,,,,,,,,,,,,,fill actual speaker/session IDs and recording conditions
audio/전진/clip_021.wav,전진,,,,,,,,,,,,,,fill actual speaker/session IDs and recording conditions
audio/전진/clip_022.wav,전진,,,,,,,,,,,,,,fill actual speaker/session IDs and recording conditions
audio/전진/clip_023.wav,전진,,,,,,,,,,,,,,fill actual speaker/session IDs and recording conditions
audio/전진/clip_024.wav,전진,,,,,,,,,,,,,,fill actual speaker/session IDs and recording conditions
audio/전진/clip_025.wav,전진,,,,,,,,,,,,,,fill actual speaker/session IDs and recording conditions
audio/전진/clip_026.wav,전진,,,,,,,,,,,,,,fill actual speaker/session IDs and recording conditions
audio/전진/clip_027.wav,전진,,,,,,,,,,,,,,fill actual speaker/session IDs and recording conditions
audio/전진/clip_028.wav,전진,,,,,,,,,,,,,,fill actual speaker/session IDs and recording conditions
audio/전진/clip_029.wav,전진,,,,,,,,,,,,,,fill actual speaker/session IDs and recording conditions
audio/전진/clip_030.wav,전진,,,,,,,,,,,,,,fill actual speaker/session IDs and recording conditions
audio/전진/clip_031.wav,전진,,,,,,,,,,,,,,fill actual speaker/session IDs and recording conditions
audio/전진/clip_032.wav,전진,,,,,,,,,,,,,,fill actual speaker/session IDs and recording conditions
audio/전진/clip_033.wav,전진,,,,,,,,,,,,,,fill actual speaker/session IDs and recording conditions
audio/전진/clip_034.wav,전진,,,,,,,,,,,,,,fill actual speaker/session IDs and recording conditions
audio/전진/clip_035.wav,전진,,,,,,,,,,,,,,fill actual speaker/session IDs and recording conditions
audio/전진/clip_036.wav,전진,,,,,,,,,,,,,,fill actual speaker/session IDs and recording conditions
audio/전진/clip_037.wav,전진,,,,,,,,,,,,,,fill actual speaker/session IDs and recording conditions
audio/전진/clip_038.wav,전진,,,,,,,,,,,,,,fill actual speaker/session IDs and recording conditions
audio/전진/clip_039.wav,전진,,,,,,,,,,,,,,fill actual speaker/session IDs and recording conditions
audio/전진/clip_040.wav,전진,,,,,,,,,,,,,,fill actual speaker/session IDs and recording conditions
audio/전진/clip_041.wav,전진,,,,,,,,,,,,,,fill actual speaker/session IDs and recording conditions
audio/전진/clip_042.wav,전진,,,,,,,,,,,,,,fill actual speaker/session IDs and recording conditions
audio/전진/clip_043.wav,전진,,,,,,,,,,,,,,fill actual speaker/session IDs and recording conditions
audio/전진/clip_044.wav,전진,,,,,,,,,,,,,,fill actual speaker/session IDs and recording conditions
audio/전진/clip_045.wav,전진,,,,,,,,,,,,,,fill actual speaker/session IDs and recording conditions
audio/전진/clip_046.wav,전진,,,,,,,,,,,,,,fill actual speaker/session IDs and recording conditions
audio/전진/clip_047.wav,전진,,,,,,,,,,,,,,fill actual speaker/session IDs and recording conditions
audio/전진/clip_048.wav,전진,,,,,,,,,,,,,,fill actual speaker/session IDs and recording conditions
audio/전진/clip_049.wav,전진,,,,,,,,,,,,,,fill actual speaker/session IDs and recording conditions
audio/전진/clip_050.wav,전진,,,,,,,,,,,,,,fill actual speaker/session IDs and recording conditions
audio/전진/clip_051.wav,전진,,,,,,,,,,,,,,fill actual speaker/session IDs and recording conditions
audio/전진/clip_052.wav,전진,,,,,,,,,,,,,,fill actual speaker/session IDs and recording conditions
audio/전진/clip_053.wav,전진,,,,,,,,,,,,,,fill actual speaker/session IDs and recording conditions
audio/전진/clip_054.wav,전진,,,,,,,,,,,,,,fill actual speaker/session IDs and recording conditions
audio/전진/clip_055.wav,전진,,,,,,,,,,,,,,fill actual speaker/session IDs and recording conditions
audio/전진/clip_056.wav,전진,,,,,,,,,,,,,,fill actual speaker/session IDs and recording conditions
audio/전진/clip_057.wav,전진,,,,,,,,,,,,,,fill actual speaker/session IDs and recording conditions
audio/전진/clip_058.wav,전진,,,,,,,,,,,,,,fill actual speaker/session IDs and recording conditions
audio/전진/clip_059.wav,전진,,,,,,,,,,,,,,fill actual speaker/session IDs and recording conditions
audio/전진/clip_060.wav,전진,,,,,,,,,,,,,,fill actual speaker/session IDs and recording conditions
audio/전진/clip_061.wav,전진,,,,,,,,,,,,,,fill actual speaker/session IDs and recording conditions
audio/전진/clip_062.wav,전진,,,,,,,,,,,,,,fill actual speaker/session IDs and recording conditions
audio/전진/clip_063.wav,전진,,,,,,,,,,,,,,fill actual speaker/session IDs and recording conditions
audio/전진/clip_064.wav,전진,,,,,,,,,,,,,,fill actual speaker/session IDs and recording conditions
audio/전진/clip_065.wav,전진,,,,,,,,,,,,,,fill actual speaker/session IDs and recording conditions
audio/전진/clip_066.wav,전진,,,,,,,,,,,,,,fill actual speaker/session IDs and recording conditions
audio/전진/clip_067.wav,전진,,,,,,,,,,,,,,fill actual speaker/session IDs and recording conditions
audio/전진/clip_068.wav,전진,,,,,,,,,,,,,,fill actual speaker/session IDs and recording conditions
audio/전진/clip_069.wav,전진,,,,,,,,,,,,,,fill actual speaker/session IDs and recording conditions
audio/전진/clip_070.wav,전진,,,,,,,,,,,,,,fill actual speaker/session IDs and recording conditions
audio/전진/clip_071.wav,전진,,,,,,,,,,,,,,fill actual speaker/session IDs and recording conditions
audio/전진/clip_072.wav,전진,,,,,,,,,,,,,,fill actual speaker/session IDs and recording conditions
audio/전진/clip_073.wav,전진,,,,,,,,,,,,,,fill actual speaker/session IDs and recording conditions
audio/전진/clip_074.wav,전진,,,,,,,,,,,,,,fill actual speaker/session IDs and recording conditions
audio/전진/clip_075.wav,전진,,,,,,,,,,,,,,fill actual speaker/session IDs and recording conditions
audio/전진/clip_076.wav,전진,,,,,,,,,,,,,,fill actual speaker/session IDs and recording conditions
audio/전진/clip_077.wav,전진,,,,,,,,,,,,,,fill actual speaker/session IDs and recording conditions
audio/전진/clip_078.wav,전진,,,,,,,,,,,,,,fill actual speaker/session IDs and recording conditions
audio/전진/clip_079.wav,전진,,,,,,,,,,,,,,fill actual speaker/session IDs and recording conditions
audio/전진/clip_080.wav,전진,,,,,,,,,,,,,,fill actual speaker/session IDs and recording conditions
audio/전진/clip_081.wav,전진,,,,,,,,,,,,,,fill actual speaker/session IDs and recording conditions
audio/전진/clip_082.wav,전진,,,,,,,,,,,,,,fill actual speaker/session IDs and recording conditions
audio/전진/clip_083.wav,전진,,,,,,,,,,,,,,fill actual speaker/session IDs and recording conditions
audio/전진/clip_084.wav,전진,,,,,,,,,,,,,,fill actual speaker/session IDs and recording conditions
audio/전진/clip_085.wav,전진,,,,,,,,,,,,,,fill actual speaker/session IDs and recording conditions
audio/전진/clip_086.wav,전진,,,,,,,,,,,,,,fill actual speaker/session IDs and recording conditions
audio/전진/clip_087.wav,전진,,,,,,,,,,,,,,fill actual speaker/session IDs and recording conditions
audio/전진/clip_088.wav,전진,,,,,,,,,,,,,,fill actual speaker/session IDs and recording conditions
audio/전진/clip_089.wav,전진,,,,,,,,,,,,,,fill actual speaker/session IDs and recording conditions
audio/전진/clip_090.wav,전진,,,,,,,,,,,,,,fill actual speaker/session IDs and recording conditions
audio/전진/clip_091.wav,전진,,,,,,,,,,,,,,fill actual speaker/session IDs and recording conditions
audio/전진/clip_092.wav,전진,,,,,,,,,,,,,,fill actual speaker/session IDs and recording conditions
audio/전진/clip_093.wav,전진,,,,,,,,,,,,,,fill actual speaker/session IDs and recording conditions
audio/전진/clip_094.wav,전진,,,,,,,,,,,,,,fill actual speaker/session IDs and recording conditions
audio/전진/clip_095.wav,전진,,,,,,,,,,,,,,fill actual speaker/session IDs and recording conditions
audio/전진/clip_096.wav,전진,,,,,,,,,,,,,,fill actual speaker/session IDs and recording conditions
audio/전진/clip_097.wav,전진,,,,,,,,,,,,,,fill actual speaker/session IDs and recording conditions
audio/전진/clip_098.wav,전진,,,,,,,,,,,,,,fill actual speaker/session IDs and recording conditions
audio/전진/clip_099.wav,전진,,,,,,,,,,,,,,fill actual speaker/session IDs and recording conditions
audio/전진/clip_100.wav,전진,,,,,,,,,,,,,,fill actual speaker/session IDs and recording conditions
audio/후진/clip_001.wav,후진,,,,,,,,,,,,,,fill actual speaker/session IDs and recording conditions
audio/후진/clip_002.wav,후진,,,,,,,,,,,,,,fill actual speaker/session IDs and recording conditions
audio/후진/clip_003.wav,후진,,,,,,,,,,,,,,fill actual speaker/session IDs and recording conditions
audio/후진/clip_004.wav,후진,,,,,,,,,,,,,,fill actual speaker/session IDs and recording conditions
audio/후진/clip_005.wav,후진,,,,,,,,,,,,,,fill actual speaker/session IDs and recording conditions
audio/후진/clip_006.wav,후진,,,,,,,,,,,,,,fill actual speaker/session IDs and recording conditions
audio/후진/clip_007.wav,후진,,,,,,,,,,,,,,fill actual speaker/session IDs and recording conditions
audio/후진/clip_008.wav,후진,,,,,,,,,,,,,,fill actual speaker/session IDs and recording conditions
audio/후진/clip_009.wav,후진,,,,,,,,,,,,,,fill actual speaker/session IDs and recording conditions
audio/후진/clip_010.wav,후진,,,,,,,,,,,,,,fill actual speaker/session IDs and recording conditions
audio/후진/clip_011.wav,후진,,,,,,,,,,,,,,fill actual speaker/session IDs and recording conditions
audio/후진/clip_012.wav,후진,,,,,,,,,,,,,,fill actual speaker/session IDs and recording conditions
audio/후진/clip_013.wav,후진,,,,,,,,,,,,,,fill actual speaker/session IDs and recording conditions
audio/후진/clip_014.wav,후진,,,,,,,,,,,,,,fill actual speaker/session IDs and recording conditions
audio/후진/clip_015.wav,후진,,,,,,,,,,,,,,fill actual speaker/session IDs and recording conditions
audio/후진/clip_016.wav,후진,,,,,,,,,,,,,,fill actual speaker/session IDs and recording conditions
audio/후진/clip_017.wav,후진,,,,,,,,,,,,,,fill actual speaker/session IDs and recording conditions
audio/후진/clip_018.wav,후진,,,,,,,,,,,,,,fill actual speaker/session IDs and recording conditions
audio/후진/clip_019.wav,후진,,,,,,,,,,,,,,fill actual speaker/session IDs and recording conditions
audio/후진/clip_020.wav,후진,,,,,,,,,,,,,,fill actual speaker/session IDs and recording conditions
audio/후진/clip_021.wav,후진,,,,,,,,,,,,,,fill actual speaker/session IDs and recording conditions
audio/후진/clip_022.wav,후진,,,,,,,,,,,,,,fill actual speaker/session IDs and recording conditions
audio/후진/clip_023.wav,후진,,,,,,,,,,,,,,fill actual speaker/session IDs and recording conditions
audio/후진/clip_024.wav,후진,,,,,,,,,,,,,,fill actual speaker/session IDs and recording conditions
audio/후진/clip_025.wav,후진,,,,,,,,,,,,,,fill actual speaker/session IDs and recording conditions
audio/후진/clip_026.wav,후진,,,,,,,,,,,,,,fill actual speaker/session IDs and recording conditions
audio/후진/clip_027.wav,후진,,,,,,,,,,,,,,fill actual speaker/session IDs and recording conditions
audio/후진/clip_028.wav,후진,,,,,,,,,,,,,,fill actual speaker/session IDs and recording conditions
audio/후진/clip_029.wav,후진,,,,,,,,,,,,,,fill actual speaker/session IDs and recording conditions
audio/후진/clip_030.wav,후진,,,,,,,,,,,,,,fill actual speaker/session IDs and recording conditions
audio/후진/clip_031.wav,후진,,,,,,,,,,,,,,fill actual speaker/session IDs and recording conditions
audio/후진/clip_032.wav,후진,,,,,,,,,,,,,,fill actual speaker/session IDs and recording conditions
audio/후진/clip_033.wav,후진,,,,,,,,,,,,,,fill actual speaker/session IDs and recording conditions
audio/후진/clip_034.wav,후진,,,,,,,,,,,,,,fill actual speaker/session IDs and recording conditions
audio/후진/clip_035.wav,후진,,,,,,,,,,,,,,fill actual speaker/session IDs and recording conditions
audio/후진/clip_036.wav,후진,,,,,,,,,,,,,,fill actual speaker/session IDs and recording conditions
audio/후진/clip_037.wav,후진,,,,,,,,,,,,,,fill actual speaker/session IDs and recording conditions
audio/후진/clip_038.wav,후진,,,,,,,,,,,,,,fill actual speaker/session IDs and recording conditions
audio/후진/clip_039.wav,후진,,,,,,,,,,,,,,fill actual speaker/session IDs and recording conditions
audio/후진/clip_040.wav,후진,,,,,,,,,,,,,,fill actual speaker/session IDs and recording conditions
audio/후진/clip_041.wav,후진,,,,,,,,,,,,,,fill actual speaker/session IDs and recording conditions
audio/후진/clip_042.wav,후진,,,,,,,,,,,,,,fill actual speaker/session IDs and recording conditions
audio/후진/clip_043.wav,후진,,,,,,,,,,,,,,fill actual speaker/session IDs and recording conditions
audio/후진/clip_044.wav,후진,,,,,,,,,,,,,,fill actual speaker/session IDs and recording conditions
audio/후진/clip_045.wav,후진,,,,,,,,,,,,,,fill actual speaker/session IDs and recording conditions
audio/후진/clip_046.wav,후진,,,,,,,,,,,,,,fill actual speaker/session IDs and recording conditions
audio/후진/clip_047.wav,후진,,,,,,,,,,,,,,fill actual speaker/session IDs and recording conditions
audio/후진/clip_048.wav,후진,,,,,,,,,,,,,,fill actual speaker/session IDs and recording conditions
audio/후진/clip_049.wav,후진,,,,,,,,,,,,,,fill actual speaker/session IDs and recording conditions
audio/후진/clip_050.wav,후진,,,,,,,,,,,,,,fill actual speaker/session IDs and recording conditions
audio/후진/clip_051.wav,후진,,,,,,,,,,,,,,fill actual speaker/session IDs and recording conditions
audio/후진/clip_052.wav,후진,,,,,,,,,,,,,,fill actual speaker/session IDs and recording conditions
audio/후진/clip_053.wav,후진,,,,,,,,,,,,,,fill actual speaker/session IDs and recording conditions
audio/후진/clip_054.wav,후진,,,,,,,,,,,,,,fill actual speaker/session IDs and recording conditions
audio/후진/clip_055.wav,후진,,,,,,,,,,,,,,fill actual speaker/session IDs and recording conditions
audio/후진/clip_056.wav,후진,,,,,,,,,,,,,,fill actual speaker/session IDs and recording conditions
audio/후진/clip_057.wav,후진,,,,,,,,,,,,,,fill actual speaker/session IDs and recording conditions
audio/후진/clip_058.wav,후진,,,,,,,,,,,,,,fill actual speaker/session IDs and recording conditions
audio/후진/clip_059.wav,후진,,,,,,,,,,,,,,fill actual speaker/session IDs and recording conditions
audio/후진/clip_060.wav,후진,,,,,,,,,,,,,,fill actual speaker/session IDs and recording conditions
audio/후진/clip_061.wav,후진,,,,,,,,,,,,,,fill actual speaker/session IDs and recording conditions
audio/후진/clip_062.wav,후진,,,,,,,,,,,,,,fill actual speaker/session IDs and recording conditions
audio/후진/clip_063.wav,후진,,,,,,,,,,,,,,fill actual speaker/session IDs and recording conditions
audio/후진/clip_064.wav,후진,,,,,,,,,,,,,,fill actual speaker/session IDs and recording conditions
audio/후진/clip_065.wav,후진,,,,,,,,,,,,,,fill actual speaker/session IDs and recording conditions
audio/후진/clip_066.wav,후진,,,,,,,,,,,,,,fill actual speaker/session IDs and recording conditions
audio/후진/clip_067.wav,후진,,,,,,,,,,,,,,fill actual speaker/session IDs and recording conditions
audio/후진/clip_068.wav,후진,,,,,,,,,,,,,,fill actual speaker/session IDs and recording conditions
audio/후진/clip_069.wav,후진,,,,,,,,,,,,,,fill actual speaker/session IDs and recording conditions
audio/후진/clip_070.wav,후진,,,,,,,,,,,,,,fill actual speaker/session IDs and recording conditions
audio/후진/clip_071.wav,후진,,,,,,,,,,,,,,fill actual speaker/session IDs and recording conditions
audio/후진/clip_072.wav,후진,,,,,,,,,,,,,,fill actual speaker/session IDs and recording conditions
audio/후진/clip_073.wav,후진,,,,,,,,,,,,,,fill actual speaker/session IDs and recording conditions
audio/후진/clip_074.wav,후진,,,,,,,,,,,,,,fill actual speaker/session IDs and recording conditions
audio/후진/clip_075.wav,후진,,,,,,,,,,,,,,fill actual speaker/session IDs and recording conditions
audio/후진/clip_076.wav,후진,,,,,,,,,,,,,,fill actual speaker/session IDs and recording conditions
audio/후진/clip_077.wav,후진,,,,,,,,,,,,,,fill actual speaker/session IDs and recording conditions
audio/후진/clip_078.wav,후진,,,,,,,,,,,,,,fill actual speaker/session IDs and recording conditions
audio/후진/clip_079.wav,후진,,,,,,,,,,,,,,fill actual speaker/session IDs and recording conditions
audio/후진/clip_080.wav,후진,,,,,,,,,,,,,,fill actual speaker/session IDs and recording conditions
audio/후진/clip_081.wav,후진,,,,,,,,,,,,,,fill actual speaker/session IDs and recording conditions
audio/후진/clip_082.wav,후진,,,,,,,,,,,,,,fill actual speaker/session IDs and recording conditions
audio/후진/clip_083.wav,후진,,,,,,,,,,,,,,fill actual speaker/session IDs and recording conditions
audio/후진/clip_084.wav,후진,,,,,,,,,,,,,,fill actual speaker/session IDs and recording conditions
audio/후진/clip_085.wav,후진,,,,,,,,,,,,,,fill actual speaker/session IDs and recording conditions
audio/후진/clip_086.wav,후진,,,,,,,,,,,,,,fill actual speaker/session IDs and recording conditions
audio/후진/clip_087.wav,후진,,,,,,,,,,,,,,fill actual speaker/session IDs and recording conditions
audio/후진/clip_088.wav,후진,,,,,,,,,,,,,,fill actual speaker/session IDs and recording conditions
audio/후진/clip_089.wav,후진,,,,,,,,,,,,,,fill actual speaker/session IDs and recording conditions
audio/후진/clip_090.wav,후진,,,,,,,,,,,,,,fill actual speaker/session IDs and recording conditions
audio/후진/clip_091.wav,후진,,,,,,,,,,,,,,fill actual speaker/session IDs and recording conditions
audio/후진/clip_092.wav,후진,,,,,,,,,,,,,,fill actual speaker/session IDs and recording conditions
audio/후진/clip_093.wav,후진,,,,,,,,,,,,,,fill actual speaker/session IDs and recording conditions
audio/후진/clip_094.wav,후진,,,,,,,,,,,,,,fill actual speaker/session IDs and recording conditions
audio/후진/clip_095.wav,후진,,,,,,,,,,,,,,fill actual speaker/session IDs and recording conditions
audio/후진/clip_096.wav,후진,,,,,,,,,,,,,,fill actual speaker/session IDs and recording conditions
audio/후진/clip_097.wav,후진,,,,,,,,,,,,,,fill actual speaker/session IDs and recording conditions
audio/후진/clip_098.wav,후진,,,,,,,,,,,,,,fill actual speaker/session IDs and recording conditions
audio/후진/clip_099.wav,후진,,,,,,,,,,,,,,fill actual speaker/session IDs and recording conditions
audio/후진/clip_100.wav,후진,,,,,,,,,,,,,,fill actual speaker/session IDs and recording conditions
audio/왼쪽/clip_001.wav,왼쪽,,,,,,,,,,,,,,fill actual speaker/session IDs and recording conditions
audio/왼쪽/clip_002.wav,왼쪽,,,,,,,,,,,,,,fill actual speaker/session IDs and recording conditions
audio/왼쪽/clip_003.wav,왼쪽,,,,,,,,,,,,,,fill actual speaker/session IDs and recording conditions
audio/왼쪽/clip_004.wav,왼쪽,,,,,,,,,,,,,,fill actual speaker/session IDs and recording conditions
audio/왼쪽/clip_005.wav,왼쪽,,,,,,,,,,,,,,fill actual speaker/session IDs and recording conditions
audio/왼쪽/clip_006.wav,왼쪽,,,,,,,,,,,,,,fill actual speaker/session IDs and recording conditions
audio/왼쪽/clip_007.wav,왼쪽,,,,,,,,,,,,,,fill actual speaker/session IDs and recording conditions
audio/왼쪽/clip_008.wav,왼쪽,,,,,,,,,,,,,,fill actual speaker/session IDs and recording conditions
audio/왼쪽/clip_009.wav,왼쪽,,,,,,,,,,,,,,fill actual speaker/session IDs and recording conditions
audio/왼쪽/clip_010.wav,왼쪽,,,,,,,,,,,,,,fill actual speaker/session IDs and recording conditions
audio/왼쪽/clip_011.wav,왼쪽,,,,,,,,,,,,,,fill actual speaker/session IDs and recording conditions
audio/왼쪽/clip_012.wav,왼쪽,,,,,,,,,,,,,,fill actual speaker/session IDs and recording conditions
audio/왼쪽/clip_013.wav,왼쪽,,,,,,,,,,,,,,fill actual speaker/session IDs and recording conditions
audio/왼쪽/clip_014.wav,왼쪽,,,,,,,,,,,,,,fill actual speaker/session IDs and recording conditions
audio/왼쪽/clip_015.wav,왼쪽,,,,,,,,,,,,,,fill actual speaker/session IDs and recording conditions
audio/왼쪽/clip_016.wav,왼쪽,,,,,,,,,,,,,,fill actual speaker/session IDs and recording conditions
audio/왼쪽/clip_017.wav,왼쪽,,,,,,,,,,,,,,fill actual speaker/session IDs and recording conditions
audio/왼쪽/clip_018.wav,왼쪽,,,,,,,,,,,,,,fill actual speaker/session IDs and recording conditions
audio/왼쪽/clip_019.wav,왼쪽,,,,,,,,,,,,,,fill actual speaker/session IDs and recording conditions
audio/왼쪽/clip_020.wav,왼쪽,,,,,,,,,,,,,,fill actual speaker/session IDs and recording conditions
audio/왼쪽/clip_021.wav,왼쪽,,,,,,,,,,,,,,fill actual speaker/session IDs and recording conditions
audio/왼쪽/clip_022.wav,왼쪽,,,,,,,,,,,,,,fill actual speaker/session IDs and recording conditions
audio/왼쪽/clip_023.wav,왼쪽,,,,,,,,,,,,,,fill actual speaker/session IDs and recording conditions
audio/왼쪽/clip_024.wav,왼쪽,,,,,,,,,,,,,,fill actual speaker/session IDs and recording conditions
audio/왼쪽/clip_025.wav,왼쪽,,,,,,,,,,,,,,fill actual speaker/session IDs and recording conditions
audio/왼쪽/clip_026.wav,왼쪽,,,,,,,,,,,,,,fill actual speaker/session IDs and recording conditions
audio/왼쪽/clip_027.wav,왼쪽,,,,,,,,,,,,,,fill actual speaker/session IDs and recording conditions
audio/왼쪽/clip_028.wav,왼쪽,,,,,,,,,,,,,,fill actual speaker/session IDs and recording conditions
audio/왼쪽/clip_029.wav,왼쪽,,,,,,,,,,,,,,fill actual speaker/session IDs and recording conditions
audio/왼쪽/clip_030.wav,왼쪽,,,,,,,,,,,,,,fill actual speaker/session IDs and recording conditions
audio/왼쪽/clip_031.wav,왼쪽,,,,,,,,,,,,,,fill actual speaker/session IDs and recording conditions
audio/왼쪽/clip_032.wav,왼쪽,,,,,,,,,,,,,,fill actual speaker/session IDs and recording conditions
audio/왼쪽/clip_033.wav,왼쪽,,,,,,,,,,,,,,fill actual speaker/session IDs and recording conditions
audio/왼쪽/clip_034.wav,왼쪽,,,,,,,,,,,,,,fill actual speaker/session IDs and recording conditions
audio/왼쪽/clip_035.wav,왼쪽,,,,,,,,,,,,,,fill actual speaker/session IDs and recording conditions
audio/왼쪽/clip_036.wav,왼쪽,,,,,,,,,,,,,,fill actual speaker/session IDs and recording conditions
audio/왼쪽/clip_037.wav,왼쪽,,,,,,,,,,,,,,fill actual speaker/session IDs and recording conditions
audio/왼쪽/clip_038.wav,왼쪽,,,,,,,,,,,,,,fill actual speaker/session IDs and recording conditions
audio/왼쪽/clip_039.wav,왼쪽,,,,,,,,,,,,,,fill actual speaker/session IDs and recording conditions
audio/왼쪽/clip_040.wav,왼쪽,,,,,,,,,,,,,,fill actual speaker/session IDs and recording conditions
audio/왼쪽/clip_041.wav,왼쪽,,,,,,,,,,,,,,fill actual speaker/session IDs and recording conditions
audio/왼쪽/clip_042.wav,왼쪽,,,,,,,,,,,,,,fill actual speaker/session IDs and recording conditions
audio/왼쪽/clip_043.wav,왼쪽,,,,,,,,,,,,,,fill actual speaker/session IDs and recording conditions
audio/왼쪽/clip_044.wav,왼쪽,,,,,,,,,,,,,,fill actual speaker/session IDs and recording conditions
audio/왼쪽/clip_045.wav,왼쪽,,,,,,,,,,,,,,fill actual speaker/session IDs and recording conditions
audio/왼쪽/clip_046.wav,왼쪽,,,,,,,,,,,,,,fill actual speaker/session IDs and recording conditions
audio/왼쪽/clip_047.wav,왼쪽,,,,,,,,,,,,,,fill actual speaker/session IDs and recording conditions
audio/왼쪽/clip_048.wav,왼쪽,,,,,,,,,,,,,,fill actual speaker/session IDs and recording conditions
audio/왼쪽/clip_049.wav,왼쪽,,,,,,,,,,,,,,fill actual speaker/session IDs and recording conditions
audio/왼쪽/clip_050.wav,왼쪽,,,,,,,,,,,,,,fill actual speaker/session IDs and recording conditions
audio/왼쪽/clip_051.wav,왼쪽,,,,,,,,,,,,,,fill actual speaker/session IDs and recording conditions
audio/왼쪽/clip_052.wav,왼쪽,,,,,,,,,,,,,,fill actual speaker/session IDs and recording conditions
audio/왼쪽/clip_053.wav,왼쪽,,,,,,,,,,,,,,fill actual speaker/session IDs and recording conditions
audio/왼쪽/clip_054.wav,왼쪽,,,,,,,,,,,,,,fill actual speaker/session IDs and recording conditions
audio/왼쪽/clip_055.wav,왼쪽,,,,,,,,,,,,,,fill actual speaker/session IDs and recording conditions
audio/왼쪽/clip_056.wav,왼쪽,,,,,,,,,,,,,,fill actual speaker/session IDs and recording conditions
audio/왼쪽/clip_057.wav,왼쪽,,,,,,,,,,,,,,fill actual speaker/session IDs and recording conditions
audio/왼쪽/clip_058.wav,왼쪽,,,,,,,,,,,,,,fill actual speaker/session IDs and recording conditions
audio/왼쪽/clip_059.wav,왼쪽,,,,,,,,,,,,,,fill actual speaker/session IDs and recording conditions
audio/왼쪽/clip_060.wav,왼쪽,,,,,,,,,,,,,,fill actual speaker/session IDs and recording conditions
audio/왼쪽/clip_061.wav,왼쪽,,,,,,,,,,,,,,fill actual speaker/session IDs and recording conditions
audio/왼쪽/clip_062.wav,왼쪽,,,,,,,,,,,,,,fill actual speaker/session IDs and recording conditions
audio/왼쪽/clip_063.wav,왼쪽,,,,,,,,,,,,,,fill actual speaker/session IDs and recording conditions
audio/왼쪽/clip_064.wav,왼쪽,,,,,,,,,,,,,,fill actual speaker/session IDs and recording conditions
audio/왼쪽/clip_065.wav,왼쪽,,,,,,,,,,,,,,fill actual speaker/session IDs and recording conditions
audio/왼쪽/clip_066.wav,왼쪽,,,,,,,,,,,,,,fill actual speaker/session IDs and recording conditions
audio/왼쪽/clip_067.wav,왼쪽,,,,,,,,,,,,,,fill actual speaker/session IDs and recording conditions
audio/왼쪽/clip_068.wav,왼쪽,,,,,,,,,,,,,,fill actual speaker/session IDs and recording conditions
audio/왼쪽/clip_069.wav,왼쪽,,,,,,,,,,,,,,fill actual speaker/session IDs and recording conditions
audio/왼쪽/clip_070.wav,왼쪽,,,,,,,,,,,,,,fill actual speaker/session IDs and recording conditions
audio/왼쪽/clip_071.wav,왼쪽,,,,,,,,,,,,,,fill actual speaker/session IDs and recording conditions
audio/왼쪽/clip_072.wav,왼쪽,,,,,,,,,,,,,,fill actual speaker/session IDs and recording conditions
audio/왼쪽/clip_073.wav,왼쪽,,,,,,,,,,,,,,fill actual speaker/session IDs and recording conditions
audio/왼쪽/clip_074.wav,왼쪽,,,,,,,,,,,,,,fill actual speaker/session IDs and recording conditions
audio/왼쪽/clip_075.wav,왼쪽,,,,,,,,,,,,,,fill actual speaker/session IDs and recording conditions
audio/왼쪽/clip_076.wav,왼쪽,,,,,,,,,,,,,,fill actual speaker/session IDs and recording conditions
audio/왼쪽/clip_077.wav,왼쪽,,,,,,,,,,,,,,fill actual speaker/session IDs and recording conditions
audio/왼쪽/clip_078.wav,왼쪽,,,,,,,,,,,,,,fill actual speaker/session IDs and recording conditions
audio/왼쪽/clip_079.wav,왼쪽,,,,,,,,,,,,,,fill actual speaker/session IDs and recording conditions
audio/왼쪽/clip_080.wav,왼쪽,,,,,,,,,,,,,,fill actual speaker/session IDs and recording conditions
audio/왼쪽/clip_081.wav,왼쪽,,,,,,,,,,,,,,fill actual speaker/session IDs and recording conditions
audio/왼쪽/clip_082.wav,왼쪽,,,,,,,,,,,,,,fill actual speaker/session IDs and recording conditions
audio/왼쪽/clip_083.wav,왼쪽,,,,,,,,,,,,,,fill actual speaker/session IDs and recording conditions
audio/왼쪽/clip_084.wav,왼쪽,,,,,,,,,,,,,,fill actual speaker/session IDs and recording conditions
audio/왼쪽/clip_085.wav,왼쪽,,,,,,,,,,,,,,fill actual speaker/session IDs and recording conditions
audio/왼쪽/clip_086.wav,왼쪽,,,,,,,,,,,,,,fill actual speaker/session IDs and recording conditions
audio/왼쪽/clip_087.wav,왼쪽,,,,,,,,,,,,,,fill actual speaker/session IDs and recording conditions
audio/왼쪽/clip_088.wav,왼쪽,,,,,,,,,,,,,,fill actual speaker/session IDs and recording conditions
audio/왼쪽/clip_089.wav,왼쪽,,,,,,,,,,,,,,fill actual speaker/session IDs and recording conditions
audio/왼쪽/clip_090.wav,왼쪽,,,,,,,,,,,,,,fill actual speaker/session IDs and recording conditions
audio/왼쪽/clip_091.wav,왼쪽,,,,,,,,,,,,,,fill actual speaker/session IDs and recording conditions
audio/왼쪽/clip_092.wav,왼쪽,,,,,,,,,,,,,,fill actual speaker/session IDs and recording conditions
audio/왼쪽/clip_093.wav,왼쪽,,,,,,,,,,,,,,fill actual speaker/session IDs and recording conditions
audio/왼쪽/clip_094.wav,왼쪽,,,,,,,,,,,,,,fill actual speaker/session IDs and recording conditions
audio/왼쪽/clip_095.wav,왼쪽,,,,,,,,,,,,,,fill actual speaker/session IDs and recording conditions
audio/왼쪽/clip_096.wav,왼쪽,,,,,,,,,,,,,,fill actual speaker/session IDs and recording conditions
audio/왼쪽/clip_097.wav,왼쪽,,,,,,,,,,,,,,fill actual speaker/session IDs and recording conditions
audio/왼쪽/clip_098.wav,왼쪽,,,,,,,,,,,,,,fill actual speaker/session IDs and recording conditions
audio/왼쪽/clip_099.wav,왼쪽,,,,,,,,,,,,,,fill actual speaker/session IDs and recording conditions
audio/왼쪽/clip_100.wav,왼쪽,,,,,,,,,,,,,,fill actual speaker/session IDs and recording conditions
audio/오른쪽/clip_001.wav,오른쪽,,,,,,,,,,,,,,fill actual speaker/session IDs and recording conditions
audio/오른쪽/clip_002.wav,오른쪽,,,,,,,,,,,,,,fill actual speaker/session IDs and recording conditions
audio/오른쪽/clip_003.wav,오른쪽,,,,,,,,,,,,,,fill actual speaker/session IDs and recording conditions
audio/오른쪽/clip_004.wav,오른쪽,,,,,,,,,,,,,,fill actual speaker/session IDs and recording conditions
audio/오른쪽/clip_005.wav,오른쪽,,,,,,,,,,,,,,fill actual speaker/session IDs and recording conditions
audio/오른쪽/clip_006.wav,오른쪽,,,,,,,,,,,,,,fill actual speaker/session IDs and recording conditions
audio/오른쪽/clip_007.wav,오른쪽,,,,,,,,,,,,,,fill actual speaker/session IDs and recording conditions
audio/오른쪽/clip_008.wav,오른쪽,,,,,,,,,,,,,,fill actual speaker/session IDs and recording conditions
audio/오른쪽/clip_009.wav,오른쪽,,,,,,,,,,,,,,fill actual speaker/session IDs and recording conditions
audio/오른쪽/clip_010.wav,오른쪽,,,,,,,,,,,,,,fill actual speaker/session IDs and recording conditions
audio/오른쪽/clip_011.wav,오른쪽,,,,,,,,,,,,,,fill actual speaker/session IDs and recording conditions
audio/오른쪽/clip_012.wav,오른쪽,,,,,,,,,,,,,,fill actual speaker/session IDs and recording conditions
audio/오른쪽/clip_013.wav,오른쪽,,,,,,,,,,,,,,fill actual speaker/session IDs and recording conditions
audio/오른쪽/clip_014.wav,오른쪽,,,,,,,,,,,,,,fill actual speaker/session IDs and recording conditions
audio/오른쪽/clip_015.wav,오른쪽,,,,,,,,,,,,,,fill actual speaker/session IDs and recording conditions
audio/오른쪽/clip_016.wav,오른쪽,,,,,,,,,,,,,,fill actual speaker/session IDs and recording conditions
audio/오른쪽/clip_017.wav,오른쪽,,,,,,,,,,,,,,fill actual speaker/session IDs and recording conditions
audio/오른쪽/clip_018.wav,오른쪽,,,,,,,,,,,,,,fill actual speaker/session IDs and recording conditions
audio/오른쪽/clip_019.wav,오른쪽,,,,,,,,,,,,,,fill actual speaker/session IDs and recording conditions
audio/오른쪽/clip_020.wav,오른쪽,,,,,,,,,,,,,,fill actual speaker/session IDs and recording conditions
audio/오른쪽/clip_021.wav,오른쪽,,,,,,,,,,,,,,fill actual speaker/session IDs and recording conditions
audio/오른쪽/clip_022.wav,오른쪽,,,,,,,,,,,,,,fill actual speaker/session IDs and recording conditions
audio/오른쪽/clip_023.wav,오른쪽,,,,,,,,,,,,,,fill actual speaker/session IDs and recording conditions
audio/오른쪽/clip_024.wav,오른쪽,,,,,,,,,,,,,,fill actual speaker/session IDs and recording conditions
audio/오른쪽/clip_025.wav,오른쪽,,,,,,,,,,,,,,fill actual speaker/session IDs and recording conditions
audio/오른쪽/clip_026.wav,오른쪽,,,,,,,,,,,,,,fill actual speaker/session IDs and recording conditions
audio/오른쪽/clip_027.wav,오른쪽,,,,,,,,,,,,,,fill actual speaker/session IDs and recording conditions
audio/오른쪽/clip_028.wav,오른쪽,,,,,,,,,,,,,,fill actual speaker/session IDs and recording conditions
audio/오른쪽/clip_029.wav,오른쪽,,,,,,,,,,,,,,fill actual speaker/session IDs and recording conditions
audio/오른쪽/clip_030.wav,오른쪽,,,,,,,,,,,,,,fill actual speaker/session IDs and recording conditions
audio/오른쪽/clip_031.wav,오른쪽,,,,,,,,,,,,,,fill actual speaker/session IDs and recording conditions
audio/오른쪽/clip_032.wav,오른쪽,,,,,,,,,,,,,,fill actual speaker/session IDs and recording conditions
audio/오른쪽/clip_033.wav,오른쪽,,,,,,,,,,,,,,fill actual speaker/session IDs and recording conditions
audio/오른쪽/clip_034.wav,오른쪽,,,,,,,,,,,,,,fill actual speaker/session IDs and recording conditions
audio/오른쪽/clip_035.wav,오른쪽,,,,,,,,,,,,,,fill actual speaker/session IDs and recording conditions
audio/오른쪽/clip_036.wav,오른쪽,,,,,,,,,,,,,,fill actual speaker/session IDs and recording conditions
audio/오른쪽/clip_037.wav,오른쪽,,,,,,,,,,,,,,fill actual speaker/session IDs and recording conditions
audio/오른쪽/clip_038.wav,오른쪽,,,,,,,,,,,,,,fill actual speaker/session IDs and recording conditions
audio/오른쪽/clip_039.wav,오른쪽,,,,,,,,,,,,,,fill actual speaker/session IDs and recording conditions
audio/오른쪽/clip_040.wav,오른쪽,,,,,,,,,,,,,,fill actual speaker/session IDs and recording conditions
audio/오른쪽/clip_041.wav,오른쪽,,,,,,,,,,,,,,fill actual speaker/session IDs and recording conditions
audio/오른쪽/clip_042.wav,오른쪽,,,,,,,,,,,,,,fill actual speaker/session IDs and recording conditions
audio/오른쪽/clip_043.wav,오른쪽,,,,,,,,,,,,,,fill actual speaker/session IDs and recording conditions
audio/오른쪽/clip_044.wav,오른쪽,,,,,,,,,,,,,,fill actual speaker/session IDs and recording conditions
audio/오른쪽/clip_045.wav,오른쪽,,,,,,,,,,,,,,fill actual speaker/session IDs and recording conditions
audio/오른쪽/clip_046.wav,오른쪽,,,,,,,,,,,,,,fill actual speaker/session IDs and recording conditions
audio/오른쪽/clip_047.wav,오른쪽,,,,,,,,,,,,,,fill actual speaker/session IDs and recording conditions
audio/오른쪽/clip_048.wav,오른쪽,,,,,,,,,,,,,,fill actual speaker/session IDs and recording conditions
audio/오른쪽/clip_049.wav,오른쪽,,,,,,,,,,,,,,fill actual speaker/session IDs and recording conditions
audio/오른쪽/clip_050.wav,오른쪽,,,,,,,,,,,,,,fill actual speaker/session IDs and recording conditions
audio/오른쪽/clip_051.wav,오른쪽,,,,,,,,,,,,,,fill actual speaker/session IDs and recording conditions
audio/오른쪽/clip_052.wav,오른쪽,,,,,,,,,,,,,,fill actual speaker/session IDs and recording conditions
audio/오른쪽/clip_053.wav,오른쪽,,,,,,,,,,,,,,fill actual speaker/session IDs and recording conditions
audio/오른쪽/clip_054.wav,오른쪽,,,,,,,,,,,,,,fill actual speaker/session IDs and recording conditions
audio/오른쪽/clip_055.wav,오른쪽,,,,,,,,,,,,,,fill actual speaker/session IDs and recording conditions
audio/오른쪽/clip_056.wav,오른쪽,,,,,,,,,,,,,,fill actual speaker/session IDs and recording conditions
audio/오른쪽/clip_057.wav,오른쪽,,,,,,,,,,,,,,fill actual speaker/session IDs and recording conditions
audio/오른쪽/clip_058.wav,오른쪽,,,,,,,,,,,,,,fill actual speaker/session IDs and recording conditions
audio/오른쪽/clip_059.wav,오른쪽,,,,,,,,,,,,,,fill actual speaker/session IDs and recording conditions
audio/오른쪽/clip_060.wav,오른쪽,,,,,,,,,,,,,,fill actual speaker/session IDs and recording conditions
audio/오른쪽/clip_061.wav,오른쪽,,,,,,,,,,,,,,fill actual speaker/session IDs and recording conditions
audio/오른쪽/clip_062.wav,오른쪽,,,,,,,,,,,,,,fill actual speaker/session IDs and recording conditions
audio/오른쪽/clip_063.wav,오른쪽,,,,,,,,,,,,,,fill actual speaker/session IDs and recording conditions
audio/오른쪽/clip_064.wav,오른쪽,,,,,,,,,,,,,,fill actual speaker/session IDs and recording conditions
audio/오른쪽/clip_065.wav,오른쪽,,,,,,,,,,,,,,fill actual speaker/session IDs and recording conditions
audio/오른쪽/clip_066.wav,오른쪽,,,,,,,,,,,,,,fill actual speaker/session IDs and recording conditions
audio/오른쪽/clip_067.wav,오른쪽,,,,,,,,,,,,,,fill actual speaker/session IDs and recording conditions
audio/오른쪽/clip_068.wav,오른쪽,,,,,,,,,,,,,,fill actual speaker/session IDs and recording conditions
audio/오른쪽/clip_069.wav,오른쪽,,,,,,,,,,,,,,fill actual speaker/session IDs and recording conditions
audio/오른쪽/clip_070.wav,오른쪽,,,,,,,,,,,,,,fill actual speaker/session IDs and recording conditions
audio/오른쪽/clip_071.wav,오른쪽,,,,,,,,,,,,,,fill actual speaker/session IDs and recording conditions
audio/오른쪽/clip_072.wav,오른쪽,,,,,,,,,,,,,,fill actual speaker/session IDs and recording conditions
audio/오른쪽/clip_073.wav,오른쪽,,,,,,,,,,,,,,fill actual speaker/session IDs and recording conditions
audio/오른쪽/clip_074.wav,오른쪽,,,,,,,,,,,,,,fill actual speaker/session IDs and recording conditions
audio/오른쪽/clip_075.wav,오른쪽,,,,,,,,,,,,,,fill actual speaker/session IDs and recording conditions
audio/오른쪽/clip_076.wav,오른쪽,,,,,,,,,,,,,,fill actual speaker/session IDs and recording conditions
audio/오른쪽/clip_077.wav,오른쪽,,,,,,,,,,,,,,fill actual speaker/session IDs and recording conditions
audio/오른쪽/clip_078.wav,오른쪽,,,,,,,,,,,,,,fill actual speaker/session IDs and recording conditions
audio/오른쪽/clip_079.wav,오른쪽,,,,,,,,,,,,,,fill actual speaker/session IDs and recording conditions
audio/오른쪽/clip_080.wav,오른쪽,,,,,,,,,,,,,,fill actual speaker/session IDs and recording conditions
audio/오른쪽/clip_081.wav,오른쪽,,,,,,,,,,,,,,fill actual speaker/session IDs and recording conditions
audio/오른쪽/clip_082.wav,오른쪽,,,,,,,,,,,,,,fill actual speaker/session IDs and recording conditions
audio/오른쪽/clip_083.wav,오른쪽,,,,,,,,,,,,,,fill actual speaker/session IDs and recording conditions
audio/오른쪽/clip_084.wav,오른쪽,,,,,,,,,,,,,,fill actual speaker/session IDs and recording conditions
audio/오른쪽/clip_085.wav,오른쪽,,,,,,,,,,,,,,fill actual speaker/session IDs and recording conditions
audio/오른쪽/clip_086.wav,오른쪽,,,,,,,,,,,,,,fill actual speaker/session IDs and recording conditions
audio/오른쪽/clip_087.wav,오른쪽,,,,,,,,,,,,,,fill actual speaker/session IDs and recording conditions
audio/오른쪽/clip_088.wav,오른쪽,,,,,,,,,,,,,,fill actual speaker/session IDs and recording conditions
audio/오른쪽/clip_089.wav,오른쪽,,,,,,,,,,,,,,fill actual speaker/session IDs and recording conditions
audio/오른쪽/clip_090.wav,오른쪽,,,,,,,,,,,,,,fill actual speaker/session IDs and recording conditions
audio/오른쪽/clip_091.wav,오른쪽,,,,,,,,,,,,,,fill actual speaker/session IDs and recording conditions
audio/오른쪽/clip_092.wav,오른쪽,,,,,,,,,,,,,,fill actual speaker/session IDs and recording conditions
audio/오른쪽/clip_093.wav,오른쪽,,,,,,,,,,,,,,fill actual speaker/session IDs and recording conditions
audio/오른쪽/clip_094.wav,오른쪽,,,,,,,,,,,,,,fill actual speaker/session IDs and recording conditions
audio/오른쪽/clip_095.wav,오른쪽,,,,,,,,,,,,,,fill actual speaker/session IDs and recording conditions
audio/오른쪽/clip_096.wav,오른쪽,,,,,,,,,,,,,,fill actual speaker/session IDs and recording conditions
audio/오른쪽/clip_097.wav,오른쪽,,,,,,,,,,,,,,fill actual speaker/session IDs and recording conditions
audio/오른쪽/clip_098.wav,오른쪽,,,,,,,,,,,,,,fill actual speaker/session IDs and recording conditions
audio/오른쪽/clip_099.wav,오른쪽,,,,,,,,,,,,,,fill actual speaker/session IDs and recording conditions
audio/오른쪽/clip_100.wav,오른쪽,,,,,,,,,,,,,,fill actual speaker/session IDs and recording conditions
audio/시작/clip_001.wav,시작,,,,,,,,,,,,,,fill actual speaker/session IDs and recording conditions
audio/시작/clip_002.wav,시작,,,,,,,,,,,,,,fill actual speaker/session IDs and recording conditions
audio/시작/clip_003.wav,시작,,,,,,,,,,,,,,fill actual speaker/session IDs and recording conditions
audio/시작/clip_004.wav,시작,,,,,,,,,,,,,,fill actual speaker/session IDs and recording conditions
audio/시작/clip_005.wav,시작,,,,,,,,,,,,,,fill actual speaker/session IDs and recording conditions
audio/시작/clip_006.wav,시작,,,,,,,,,,,,,,fill actual speaker/session IDs and recording conditions
audio/시작/clip_007.wav,시작,,,,,,,,,,,,,,fill actual speaker/session IDs and recording conditions
audio/시작/clip_008.wav,시작,,,,,,,,,,,,,,fill actual speaker/session IDs and recording conditions
audio/시작/clip_009.wav,시작,,,,,,,,,,,,,,fill actual speaker/session IDs and recording conditions
audio/시작/clip_010.wav,시작,,,,,,,,,,,,,,fill actual speaker/session IDs and recording conditions
audio/시작/clip_011.wav,시작,,,,,,,,,,,,,,fill actual speaker/session IDs and recording conditions
audio/시작/clip_012.wav,시작,,,,,,,,,,,,,,fill actual speaker/session IDs and recording conditions
audio/시작/clip_013.wav,시작,,,,,,,,,,,,,,fill actual speaker/session IDs and recording conditions
audio/시작/clip_014.wav,시작,,,,,,,,,,,,,,fill actual speaker/session IDs and recording conditions
audio/시작/clip_015.wav,시작,,,,,,,,,,,,,,fill actual speaker/session IDs and recording conditions
audio/시작/clip_016.wav,시작,,,,,,,,,,,,,,fill actual speaker/session IDs and recording conditions
audio/시작/clip_017.wav,시작,,,,,,,,,,,,,,fill actual speaker/session IDs and recording conditions
audio/시작/clip_018.wav,시작,,,,,,,,,,,,,,fill actual speaker/session IDs and recording conditions
audio/시작/clip_019.wav,시작,,,,,,,,,,,,,,fill actual speaker/session IDs and recording conditions
audio/시작/clip_020.wav,시작,,,,,,,,,,,,,,fill actual speaker/session IDs and recording conditions
audio/시작/clip_021.wav,시작,,,,,,,,,,,,,,fill actual speaker/session IDs and recording conditions
audio/시작/clip_022.wav,시작,,,,,,,,,,,,,,fill actual speaker/session IDs and recording conditions
audio/시작/clip_023.wav,시작,,,,,,,,,,,,,,fill actual speaker/session IDs and recording conditions
audio/시작/clip_024.wav,시작,,,,,,,,,,,,,,fill actual speaker/session IDs and recording conditions
audio/시작/clip_025.wav,시작,,,,,,,,,,,,,,fill actual speaker/session IDs and recording conditions
audio/시작/clip_026.wav,시작,,,,,,,,,,,,,,fill actual speaker/session IDs and recording conditions
audio/시작/clip_027.wav,시작,,,,,,,,,,,,,,fill actual speaker/session IDs and recording conditions
audio/시작/clip_028.wav,시작,,,,,,,,,,,,,,fill actual speaker/session IDs and recording conditions
audio/시작/clip_029.wav,시작,,,,,,,,,,,,,,fill actual speaker/session IDs and recording conditions
audio/시작/clip_030.wav,시작,,,,,,,,,,,,,,fill actual speaker/session IDs and recording conditions
audio/시작/clip_031.wav,시작,,,,,,,,,,,,,,fill actual speaker/session IDs and recording conditions
audio/시작/clip_032.wav,시작,,,,,,,,,,,,,,fill actual speaker/session IDs and recording conditions
audio/시작/clip_033.wav,시작,,,,,,,,,,,,,,fill actual speaker/session IDs and recording conditions
audio/시작/clip_034.wav,시작,,,,,,,,,,,,,,fill actual speaker/session IDs and recording conditions
audio/시작/clip_035.wav,시작,,,,,,,,,,,,,,fill actual speaker/session IDs and recording conditions
audio/시작/clip_036.wav,시작,,,,,,,,,,,,,,fill actual speaker/session IDs and recording conditions
audio/시작/clip_037.wav,시작,,,,,,,,,,,,,,fill actual speaker/session IDs and recording conditions
audio/시작/clip_038.wav,시작,,,,,,,,,,,,,,fill actual speaker/session IDs and recording conditions
audio/시작/clip_039.wav,시작,,,,,,,,,,,,,,fill actual speaker/session IDs and recording conditions
audio/시작/clip_040.wav,시작,,,,,,,,,,,,,,fill actual speaker/session IDs and recording conditions
audio/시작/clip_041.wav,시작,,,,,,,,,,,,,,fill actual speaker/session IDs and recording conditions
audio/시작/clip_042.wav,시작,,,,,,,,,,,,,,fill actual speaker/session IDs and recording conditions
audio/시작/clip_043.wav,시작,,,,,,,,,,,,,,fill actual speaker/session IDs and recording conditions
audio/시작/clip_044.wav,시작,,,,,,,,,,,,,,fill actual speaker/session IDs and recording conditions
audio/시작/clip_045.wav,시작,,,,,,,,,,,,,,fill actual speaker/session IDs and recording conditions
audio/시작/clip_046.wav,시작,,,,,,,,,,,,,,fill actual speaker/session IDs and recording conditions
audio/시작/clip_047.wav,시작,,,,,,,,,,,,,,fill actual speaker/session IDs and recording conditions
audio/시작/clip_048.wav,시작,,,,,,,,,,,,,,fill actual speaker/session IDs and recording conditions
audio/시작/clip_049.wav,시작,,,,,,,,,,,,,,fill actual speaker/session IDs and recording conditions
audio/시작/clip_050.wav,시작,,,,,,,,,,,,,,fill actual speaker/session IDs and recording conditions
audio/시작/clip_051.wav,시작,,,,,,,,,,,,,,fill actual speaker/session IDs and recording conditions
audio/시작/clip_052.wav,시작,,,,,,,,,,,,,,fill actual speaker/session IDs and recording conditions
audio/시작/clip_053.wav,시작,,,,,,,,,,,,,,fill actual speaker/session IDs and recording conditions
audio/시작/clip_054.wav,시작,,,,,,,,,,,,,,fill actual speaker/session IDs and recording conditions
audio/시작/clip_055.wav,시작,,,,,,,,,,,,,,fill actual speaker/session IDs and recording conditions
audio/시작/clip_056.wav,시작,,,,,,,,,,,,,,fill actual speaker/session IDs and recording conditions
audio/시작/clip_057.wav,시작,,,,,,,,,,,,,,fill actual speaker/session IDs and recording conditions
audio/시작/clip_058.wav,시작,,,,,,,,,,,,,,fill actual speaker/session IDs and recording conditions
audio/시작/clip_059.wav,시작,,,,,,,,,,,,,,fill actual speaker/session IDs and recording conditions
audio/시작/clip_060.wav,시작,,,,,,,,,,,,,,fill actual speaker/session IDs and recording conditions
audio/시작/clip_061.wav,시작,,,,,,,,,,,,,,fill actual speaker/session IDs and recording conditions
audio/시작/clip_062.wav,시작,,,,,,,,,,,,,,fill actual speaker/session IDs and recording conditions
audio/시작/clip_063.wav,시작,,,,,,,,,,,,,,fill actual speaker/session IDs and recording conditions
audio/시작/clip_064.wav,시작,,,,,,,,,,,,,,fill actual speaker/session IDs and recording conditions
audio/시작/clip_065.wav,시작,,,,,,,,,,,,,,fill actual speaker/session IDs and recording conditions
audio/시작/clip_066.wav,시작,,,,,,,,,,,,,,fill actual speaker/session IDs and recording conditions
audio/시작/clip_067.wav,시작,,,,,,,,,,,,,,fill actual speaker/session IDs and recording conditions
audio/시작/clip_068.wav,시작,,,,,,,,,,,,,,fill actual speaker/session IDs and recording conditions
audio/시작/clip_069.wav,시작,,,,,,,,,,,,,,fill actual speaker/session IDs and recording conditions
audio/시작/clip_070.wav,시작,,,,,,,,,,,,,,fill actual speaker/session IDs and recording conditions
audio/시작/clip_071.wav,시작,,,,,,,,,,,,,,fill actual speaker/session IDs and recording conditions
audio/시작/clip_072.wav,시작,,,,,,,,,,,,,,fill actual speaker/session IDs and recording conditions
audio/시작/clip_073.wav,시작,,,,,,,,,,,,,,fill actual speaker/session IDs and recording conditions
audio/시작/clip_074.wav,시작,,,,,,,,,,,,,,fill actual speaker/session IDs and recording conditions
audio/시작/clip_075.wav,시작,,,,,,,,,,,,,,fill actual speaker/session IDs and recording conditions
audio/시작/clip_076.wav,시작,,,,,,,,,,,,,,fill actual speaker/session IDs and recording conditions
audio/시작/clip_077.wav,시작,,,,,,,,,,,,,,fill actual speaker/session IDs and recording conditions
audio/시작/clip_078.wav,시작,,,,,,,,,,,,,,fill actual speaker/session IDs and recording conditions
audio/시작/clip_079.wav,시작,,,,,,,,,,,,,,fill actual speaker/session IDs and recording conditions
audio/시작/clip_080.wav,시작,,,,,,,,,,,,,,fill actual speaker/session IDs and recording conditions
audio/시작/clip_081.wav,시작,,,,,,,,,,,,,,fill actual speaker/session IDs and recording conditions
audio/시작/clip_082.wav,시작,,,,,,,,,,,,,,fill actual speaker/session IDs and recording conditions
audio/시작/clip_083.wav,시작,,,,,,,,,,,,,,fill actual speaker/session IDs and recording conditions
audio/시작/clip_084.wav,시작,,,,,,,,,,,,,,fill actual speaker/session IDs and recording conditions
audio/시작/clip_085.wav,시작,,,,,,,,,,,,,,fill actual speaker/session IDs and recording conditions
audio/시작/clip_086.wav,시작,,,,,,,,,,,,,,fill actual speaker/session IDs and recording conditions
audio/시작/clip_087.wav,시작,,,,,,,,,,,,,,fill actual speaker/session IDs and recording conditions
audio/시작/clip_088.wav,시작,,,,,,,,,,,,,,fill actual speaker/session IDs and recording conditions
audio/시작/clip_089.wav,시작,,,,,,,,,,,,,,fill actual speaker/session IDs and recording conditions
audio/시작/clip_090.wav,시작,,,,,,,,,,,,,,fill actual speaker/session IDs and recording conditions
audio/시작/clip_091.wav,시작,,,,,,,,,,,,,,fill actual speaker/session IDs and recording conditions
audio/시작/clip_092.wav,시작,,,,,,,,,,,,,,fill actual speaker/session IDs and recording conditions
audio/시작/clip_093.wav,시작,,,,,,,,,,,,,,fill actual speaker/session IDs and recording conditions
audio/시작/clip_094.wav,시작,,,,,,,,,,,,,,fill actual speaker/session IDs and recording conditions
audio/시작/clip_095.wav,시작,,,,,,,,,,,,,,fill actual speaker/session IDs and recording conditions
audio/시작/clip_096.wav,시작,,,,,,,,,,,,,,fill actual speaker/session IDs and recording conditions
audio/시작/clip_097.wav,시작,,,,,,,,,,,,,,fill actual speaker/session IDs and recording conditions
audio/시작/clip_098.wav,시작,,,,,,,,,,,,,,fill actual speaker/session IDs and recording conditions
audio/시작/clip_099.wav,시작,,,,,,,,,,,,,,fill actual speaker/session IDs and recording conditions
audio/시작/clip_100.wav,시작,,,,,,,,,,,,,,fill actual speaker/session IDs and recording conditions
audio/복귀/clip_001.wav,복귀,,,,,,,,,,,,,,fill actual speaker/session IDs and recording conditions
audio/복귀/clip_002.wav,복귀,,,,,,,,,,,,,,fill actual speaker/session IDs and recording conditions
audio/복귀/clip_003.wav,복귀,,,,,,,,,,,,,,fill actual speaker/session IDs and recording conditions
audio/복귀/clip_004.wav,복귀,,,,,,,,,,,,,,fill actual speaker/session IDs and recording conditions
audio/복귀/clip_005.wav,복귀,,,,,,,,,,,,,,fill actual speaker/session IDs and recording conditions
audio/복귀/clip_006.wav,복귀,,,,,,,,,,,,,,fill actual speaker/session IDs and recording conditions
audio/복귀/clip_007.wav,복귀,,,,,,,,,,,,,,fill actual speaker/session IDs and recording conditions
audio/복귀/clip_008.wav,복귀,,,,,,,,,,,,,,fill actual speaker/session IDs and recording conditions
audio/복귀/clip_009.wav,복귀,,,,,,,,,,,,,,fill actual speaker/session IDs and recording conditions
audio/복귀/clip_010.wav,복귀,,,,,,,,,,,,,,fill actual speaker/session IDs and recording conditions
audio/복귀/clip_011.wav,복귀,,,,,,,,,,,,,,fill actual speaker/session IDs and recording conditions
audio/복귀/clip_012.wav,복귀,,,,,,,,,,,,,,fill actual speaker/session IDs and recording conditions
audio/복귀/clip_013.wav,복귀,,,,,,,,,,,,,,fill actual speaker/session IDs and recording conditions
audio/복귀/clip_014.wav,복귀,,,,,,,,,,,,,,fill actual speaker/session IDs and recording conditions
audio/복귀/clip_015.wav,복귀,,,,,,,,,,,,,,fill actual speaker/session IDs and recording conditions
audio/복귀/clip_016.wav,복귀,,,,,,,,,,,,,,fill actual speaker/session IDs and recording conditions
audio/복귀/clip_017.wav,복귀,,,,,,,,,,,,,,fill actual speaker/session IDs and recording conditions
audio/복귀/clip_018.wav,복귀,,,,,,,,,,,,,,fill actual speaker/session IDs and recording conditions
audio/복귀/clip_019.wav,복귀,,,,,,,,,,,,,,fill actual speaker/session IDs and recording conditions
audio/복귀/clip_020.wav,복귀,,,,,,,,,,,,,,fill actual speaker/session IDs and recording conditions
audio/복귀/clip_021.wav,복귀,,,,,,,,,,,,,,fill actual speaker/session IDs and recording conditions
audio/복귀/clip_022.wav,복귀,,,,,,,,,,,,,,fill actual speaker/session IDs and recording conditions
audio/복귀/clip_023.wav,복귀,,,,,,,,,,,,,,fill actual speaker/session IDs and recording conditions
audio/복귀/clip_024.wav,복귀,,,,,,,,,,,,,,fill actual speaker/session IDs and recording conditions
audio/복귀/clip_025.wav,복귀,,,,,,,,,,,,,,fill actual speaker/session IDs and recording conditions
audio/복귀/clip_026.wav,복귀,,,,,,,,,,,,,,fill actual speaker/session IDs and recording conditions
audio/복귀/clip_027.wav,복귀,,,,,,,,,,,,,,fill actual speaker/session IDs and recording conditions
audio/복귀/clip_028.wav,복귀,,,,,,,,,,,,,,fill actual speaker/session IDs and recording conditions
audio/복귀/clip_029.wav,복귀,,,,,,,,,,,,,,fill actual speaker/session IDs and recording conditions
audio/복귀/clip_030.wav,복귀,,,,,,,,,,,,,,fill actual speaker/session IDs and recording conditions
audio/복귀/clip_031.wav,복귀,,,,,,,,,,,,,,fill actual speaker/session IDs and recording conditions
audio/복귀/clip_032.wav,복귀,,,,,,,,,,,,,,fill actual speaker/session IDs and recording conditions
audio/복귀/clip_033.wav,복귀,,,,,,,,,,,,,,fill actual speaker/session IDs and recording conditions
audio/복귀/clip_034.wav,복귀,,,,,,,,,,,,,,fill actual speaker/session IDs and recording conditions
audio/복귀/clip_035.wav,복귀,,,,,,,,,,,,,,fill actual speaker/session IDs and recording conditions
audio/복귀/clip_036.wav,복귀,,,,,,,,,,,,,,fill actual speaker/session IDs and recording conditions
audio/복귀/clip_037.wav,복귀,,,,,,,,,,,,,,fill actual speaker/session IDs and recording conditions
audio/복귀/clip_038.wav,복귀,,,,,,,,,,,,,,fill actual speaker/session IDs and recording conditions
audio/복귀/clip_039.wav,복귀,,,,,,,,,,,,,,fill actual speaker/session IDs and recording conditions
audio/복귀/clip_040.wav,복귀,,,,,,,,,,,,,,fill actual speaker/session IDs and recording conditions
audio/복귀/clip_041.wav,복귀,,,,,,,,,,,,,,fill actual speaker/session IDs and recording conditions
audio/복귀/clip_042.wav,복귀,,,,,,,,,,,,,,fill actual speaker/session IDs and recording conditions
audio/복귀/clip_043.wav,복귀,,,,,,,,,,,,,,fill actual speaker/session IDs and recording conditions
audio/복귀/clip_044.wav,복귀,,,,,,,,,,,,,,fill actual speaker/session IDs and recording conditions
audio/복귀/clip_045.wav,복귀,,,,,,,,,,,,,,fill actual speaker/session IDs and recording conditions
audio/복귀/clip_046.wav,복귀,,,,,,,,,,,,,,fill actual speaker/session IDs and recording conditions
audio/복귀/clip_047.wav,복귀,,,,,,,,,,,,,,fill actual speaker/session IDs and recording conditions
audio/복귀/clip_048.wav,복귀,,,,,,,,,,,,,,fill actual speaker/session IDs and recording conditions
audio/복귀/clip_049.wav,복귀,,,,,,,,,,,,,,fill actual speaker/session IDs and recording conditions
audio/복귀/clip_050.wav,복귀,,,,,,,,,,,,,,fill actual speaker/session IDs and recording conditions
audio/복귀/clip_051.wav,복귀,,,,,,,,,,,,,,fill actual speaker/session IDs and recording conditions
audio/복귀/clip_052.wav,복귀,,,,,,,,,,,,,,fill actual speaker/session IDs and recording conditions
audio/복귀/clip_053.wav,복귀,,,,,,,,,,,,,,fill actual speaker/session IDs and recording conditions
audio/복귀/clip_054.wav,복귀,,,,,,,,,,,,,,fill actual speaker/session IDs and recording conditions
audio/복귀/clip_055.wav,복귀,,,,,,,,,,,,,,fill actual speaker/session IDs and recording conditions
audio/복귀/clip_056.wav,복귀,,,,,,,,,,,,,,fill actual speaker/session IDs and recording conditions
audio/복귀/clip_057.wav,복귀,,,,,,,,,,,,,,fill actual speaker/session IDs and recording conditions
audio/복귀/clip_058.wav,복귀,,,,,,,,,,,,,,fill actual speaker/session IDs and recording conditions
audio/복귀/clip_059.wav,복귀,,,,,,,,,,,,,,fill actual speaker/session IDs and recording conditions
audio/복귀/clip_060.wav,복귀,,,,,,,,,,,,,,fill actual speaker/session IDs and recording conditions
audio/복귀/clip_061.wav,복귀,,,,,,,,,,,,,,fill actual speaker/session IDs and recording conditions
audio/복귀/clip_062.wav,복귀,,,,,,,,,,,,,,fill actual speaker/session IDs and recording conditions
audio/복귀/clip_063.wav,복귀,,,,,,,,,,,,,,fill actual speaker/session IDs and recording conditions
audio/복귀/clip_064.wav,복귀,,,,,,,,,,,,,,fill actual speaker/session IDs and recording conditions
audio/복귀/clip_065.wav,복귀,,,,,,,,,,,,,,fill actual speaker/session IDs and recording conditions
audio/복귀/clip_066.wav,복귀,,,,,,,,,,,,,,fill actual speaker/session IDs and recording conditions
audio/복귀/clip_067.wav,복귀,,,,,,,,,,,,,,fill actual speaker/session IDs and recording conditions
audio/복귀/clip_068.wav,복귀,,,,,,,,,,,,,,fill actual speaker/session IDs and recording conditions
audio/복귀/clip_069.wav,복귀,,,,,,,,,,,,,,fill actual speaker/session IDs and recording conditions
audio/복귀/clip_070.wav,복귀,,,,,,,,,,,,,,fill actual speaker/session IDs and recording conditions
audio/복귀/clip_071.wav,복귀,,,,,,,,,,,,,,fill actual speaker/session IDs and recording conditions
audio/복귀/clip_072.wav,복귀,,,,,,,,,,,,,,fill actual speaker/session IDs and recording conditions
audio/복귀/clip_073.wav,복귀,,,,,,,,,,,,,,fill actual speaker/session IDs and recording conditions
audio/복귀/clip_074.wav,복귀,,,,,,,,,,,,,,fill actual speaker/session IDs and recording conditions
audio/복귀/clip_075.wav,복귀,,,,,,,,,,,,,,fill actual speaker/session IDs and recording conditions
audio/복귀/clip_076.wav,복귀,,,,,,,,,,,,,,fill actual speaker/session IDs and recording conditions
audio/복귀/clip_077.wav,복귀,,,,,,,,,,,,,,fill actual speaker/session IDs and recording conditions
audio/복귀/clip_078.wav,복귀,,,,,,,,,,,,,,fill actual speaker/session IDs and recording conditions
audio/복귀/clip_079.wav,복귀,,,,,,,,,,,,,,fill actual speaker/session IDs and recording conditions
audio/복귀/clip_080.wav,복귀,,,,,,,,,,,,,,fill actual speaker/session IDs and recording conditions
audio/복귀/clip_081.wav,복귀,,,,,,,,,,,,,,fill actual speaker/session IDs and recording conditions
audio/복귀/clip_082.wav,복귀,,,,,,,,,,,,,,fill actual speaker/session IDs and recording conditions
audio/복귀/clip_083.wav,복귀,,,,,,,,,,,,,,fill actual speaker/session IDs and recording conditions
audio/복귀/clip_084.wav,복귀,,,,,,,,,,,,,,fill actual speaker/session IDs and recording conditions
audio/복귀/clip_085.wav,복귀,,,,,,,,,,,,,,fill actual speaker/session IDs and recording conditions
audio/복귀/clip_086.wav,복귀,,,,,,,,,,,,,,fill actual speaker/session IDs and recording conditions
audio/복귀/clip_087.wav,복귀,,,,,,,,,,,,,,fill actual speaker/session IDs and recording conditions
audio/복귀/clip_088.wav,복귀,,,,,,,,,,,,,,fill actual speaker/session IDs and recording conditions
audio/복귀/clip_089.wav,복귀,,,,,,,,,,,,,,fill actual speaker/session IDs and recording conditions
audio/복귀/clip_090.wav,복귀,,,,,,,,,,,,,,fill actual speaker/session IDs and recording conditions
audio/복귀/clip_091.wav,복귀,,,,,,,,,,,,,,fill actual speaker/session IDs and recording conditions
audio/복귀/clip_092.wav,복귀,,,,,,,,,,,,,,fill actual speaker/session IDs and recording conditions
audio/복귀/clip_093.wav,복귀,,,,,,,,,,,,,,fill actual speaker/session IDs and recording conditions
audio/복귀/clip_094.wav,복귀,,,,,,,,,,,,,,fill actual speaker/session IDs and recording conditions
audio/복귀/clip_095.wav,복귀,,,,,,,,,,,,,,fill actual speaker/session IDs and recording conditions
audio/복귀/clip_096.wav,복귀,,,,,,,,,,,,,,fill actual speaker/session IDs and recording conditions
audio/복귀/clip_097.wav,복귀,,,,,,,,,,,,,,fill actual speaker/session IDs and recording conditions
audio/복귀/clip_098.wav,복귀,,,,,,,,,,,,,,fill actual speaker/session IDs and recording conditions
audio/복귀/clip_099.wav,복귀,,,,,,,,,,,,,,fill actual speaker/session IDs and recording conditions
audio/복귀/clip_100.wav,복귀,,,,,,,,,,,,,,fill actual speaker/session IDs and recording conditions
audio/대기/clip_001.wav,대기,,,,,,,,,,,,,,fill actual speaker/session IDs and recording conditions
audio/대기/clip_002.wav,대기,,,,,,,,,,,,,,fill actual speaker/session IDs and recording conditions
audio/대기/clip_003.wav,대기,,,,,,,,,,,,,,fill actual speaker/session IDs and recording conditions
audio/대기/clip_004.wav,대기,,,,,,,,,,,,,,fill actual speaker/session IDs and recording conditions
audio/대기/clip_005.wav,대기,,,,,,,,,,,,,,fill actual speaker/session IDs and recording conditions
audio/대기/clip_006.wav,대기,,,,,,,,,,,,,,fill actual speaker/session IDs and recording conditions
audio/대기/clip_007.wav,대기,,,,,,,,,,,,,,fill actual speaker/session IDs and recording conditions
audio/대기/clip_008.wav,대기,,,,,,,,,,,,,,fill actual speaker/session IDs and recording conditions
audio/대기/clip_009.wav,대기,,,,,,,,,,,,,,fill actual speaker/session IDs and recording conditions
audio/대기/clip_010.wav,대기,,,,,,,,,,,,,,fill actual speaker/session IDs and recording conditions
audio/대기/clip_011.wav,대기,,,,,,,,,,,,,,fill actual speaker/session IDs and recording conditions
audio/대기/clip_012.wav,대기,,,,,,,,,,,,,,fill actual speaker/session IDs and recording conditions
audio/대기/clip_013.wav,대기,,,,,,,,,,,,,,fill actual speaker/session IDs and recording conditions
audio/대기/clip_014.wav,대기,,,,,,,,,,,,,,fill actual speaker/session IDs and recording conditions
audio/대기/clip_015.wav,대기,,,,,,,,,,,,,,fill actual speaker/session IDs and recording conditions
audio/대기/clip_016.wav,대기,,,,,,,,,,,,,,fill actual speaker/session IDs and recording conditions
audio/대기/clip_017.wav,대기,,,,,,,,,,,,,,fill actual speaker/session IDs and recording conditions
audio/대기/clip_018.wav,대기,,,,,,,,,,,,,,fill actual speaker/session IDs and recording conditions
audio/대기/clip_019.wav,대기,,,,,,,,,,,,,,fill actual speaker/session IDs and recording conditions
audio/대기/clip_020.wav,대기,,,,,,,,,,,,,,fill actual speaker/session IDs and recording conditions
audio/대기/clip_021.wav,대기,,,,,,,,,,,,,,fill actual speaker/session IDs and recording conditions
audio/대기/clip_022.wav,대기,,,,,,,,,,,,,,fill actual speaker/session IDs and recording conditions
audio/대기/clip_023.wav,대기,,,,,,,,,,,,,,fill actual speaker/session IDs and recording conditions
audio/대기/clip_024.wav,대기,,,,,,,,,,,,,,fill actual speaker/session IDs and recording conditions
audio/대기/clip_025.wav,대기,,,,,,,,,,,,,,fill actual speaker/session IDs and recording conditions
audio/대기/clip_026.wav,대기,,,,,,,,,,,,,,fill actual speaker/session IDs and recording conditions
audio/대기/clip_027.wav,대기,,,,,,,,,,,,,,fill actual speaker/session IDs and recording conditions
audio/대기/clip_028.wav,대기,,,,,,,,,,,,,,fill actual speaker/session IDs and recording conditions
audio/대기/clip_029.wav,대기,,,,,,,,,,,,,,fill actual speaker/session IDs and recording conditions
audio/대기/clip_030.wav,대기,,,,,,,,,,,,,,fill actual speaker/session IDs and recording conditions
audio/대기/clip_031.wav,대기,,,,,,,,,,,,,,fill actual speaker/session IDs and recording conditions
audio/대기/clip_032.wav,대기,,,,,,,,,,,,,,fill actual speaker/session IDs and recording conditions
audio/대기/clip_033.wav,대기,,,,,,,,,,,,,,fill actual speaker/session IDs and recording conditions
audio/대기/clip_034.wav,대기,,,,,,,,,,,,,,fill actual speaker/session IDs and recording conditions
audio/대기/clip_035.wav,대기,,,,,,,,,,,,,,fill actual speaker/session IDs and recording conditions
audio/대기/clip_036.wav,대기,,,,,,,,,,,,,,fill actual speaker/session IDs and recording conditions
audio/대기/clip_037.wav,대기,,,,,,,,,,,,,,fill actual speaker/session IDs and recording conditions
audio/대기/clip_038.wav,대기,,,,,,,,,,,,,,fill actual speaker/session IDs and recording conditions
audio/대기/clip_039.wav,대기,,,,,,,,,,,,,,fill actual speaker/session IDs and recording conditions
audio/대기/clip_040.wav,대기,,,,,,,,,,,,,,fill actual speaker/session IDs and recording conditions
audio/대기/clip_041.wav,대기,,,,,,,,,,,,,,fill actual speaker/session IDs and recording conditions
audio/대기/clip_042.wav,대기,,,,,,,,,,,,,,fill actual speaker/session IDs and recording conditions
audio/대기/clip_043.wav,대기,,,,,,,,,,,,,,fill actual speaker/session IDs and recording conditions
audio/대기/clip_044.wav,대기,,,,,,,,,,,,,,fill actual speaker/session IDs and recording conditions
audio/대기/clip_045.wav,대기,,,,,,,,,,,,,,fill actual speaker/session IDs and recording conditions
audio/대기/clip_046.wav,대기,,,,,,,,,,,,,,fill actual speaker/session IDs and recording conditions
audio/대기/clip_047.wav,대기,,,,,,,,,,,,,,fill actual speaker/session IDs and recording conditions
audio/대기/clip_048.wav,대기,,,,,,,,,,,,,,fill actual speaker/session IDs and recording conditions
audio/대기/clip_049.wav,대기,,,,,,,,,,,,,,fill actual speaker/session IDs and recording conditions
audio/대기/clip_050.wav,대기,,,,,,,,,,,,,,fill actual speaker/session IDs and recording conditions
audio/대기/clip_051.wav,대기,,,,,,,,,,,,,,fill actual speaker/session IDs and recording conditions
audio/대기/clip_052.wav,대기,,,,,,,,,,,,,,fill actual speaker/session IDs and recording conditions
audio/대기/clip_053.wav,대기,,,,,,,,,,,,,,fill actual speaker/session IDs and recording conditions
audio/대기/clip_054.wav,대기,,,,,,,,,,,,,,fill actual speaker/session IDs and recording conditions
audio/대기/clip_055.wav,대기,,,,,,,,,,,,,,fill actual speaker/session IDs and recording conditions
audio/대기/clip_056.wav,대기,,,,,,,,,,,,,,fill actual speaker/session IDs and recording conditions
audio/대기/clip_057.wav,대기,,,,,,,,,,,,,,fill actual speaker/session IDs and recording conditions
audio/대기/clip_058.wav,대기,,,,,,,,,,,,,,fill actual speaker/session IDs and recording conditions
audio/대기/clip_059.wav,대기,,,,,,,,,,,,,,fill actual speaker/session IDs and recording conditions
audio/대기/clip_060.wav,대기,,,,,,,,,,,,,,fill actual speaker/session IDs and recording conditions
audio/대기/clip_061.wav,대기,,,,,,,,,,,,,,fill actual speaker/session IDs and recording conditions
audio/대기/clip_062.wav,대기,,,,,,,,,,,,,,fill actual speaker/session IDs and recording conditions
audio/대기/clip_063.wav,대기,,,,,,,,,,,,,,fill actual speaker/session IDs and recording conditions
audio/대기/clip_064.wav,대기,,,,,,,,,,,,,,fill actual speaker/session IDs and recording conditions
audio/대기/clip_065.wav,대기,,,,,,,,,,,,,,fill actual speaker/session IDs and recording conditions
audio/대기/clip_066.wav,대기,,,,,,,,,,,,,,fill actual speaker/session IDs and recording conditions
audio/대기/clip_067.wav,대기,,,,,,,,,,,,,,fill actual speaker/session IDs and recording conditions
audio/대기/clip_068.wav,대기,,,,,,,,,,,,,,fill actual speaker/session IDs and recording conditions
audio/대기/clip_069.wav,대기,,,,,,,,,,,,,,fill actual speaker/session IDs and recording conditions
audio/대기/clip_070.wav,대기,,,,,,,,,,,,,,fill actual speaker/session IDs and recording conditions
audio/대기/clip_071.wav,대기,,,,,,,,,,,,,,fill actual speaker/session IDs and recording conditions
audio/대기/clip_072.wav,대기,,,,,,,,,,,,,,fill actual speaker/session IDs and recording conditions
audio/대기/clip_073.wav,대기,,,,,,,,,,,,,,fill actual speaker/session IDs and recording conditions
audio/대기/clip_074.wav,대기,,,,,,,,,,,,,,fill actual speaker/session IDs and recording conditions
audio/대기/clip_075.wav,대기,,,,,,,,,,,,,,fill actual speaker/session IDs and recording conditions
audio/대기/clip_076.wav,대기,,,,,,,,,,,,,,fill actual speaker/session IDs and recording conditions
audio/대기/clip_077.wav,대기,,,,,,,,,,,,,,fill actual speaker/session IDs and recording conditions
audio/대기/clip_078.wav,대기,,,,,,,,,,,,,,fill actual speaker/session IDs and recording conditions
audio/대기/clip_079.wav,대기,,,,,,,,,,,,,,fill actual speaker/session IDs and recording conditions
audio/대기/clip_080.wav,대기,,,,,,,,,,,,,,fill actual speaker/session IDs and recording conditions
audio/대기/clip_081.wav,대기,,,,,,,,,,,,,,fill actual speaker/session IDs and recording conditions
audio/대기/clip_082.wav,대기,,,,,,,,,,,,,,fill actual speaker/session IDs and recording conditions
audio/대기/clip_083.wav,대기,,,,,,,,,,,,,,fill actual speaker/session IDs and recording conditions
audio/대기/clip_084.wav,대기,,,,,,,,,,,,,,fill actual speaker/session IDs and recording conditions
audio/대기/clip_085.wav,대기,,,,,,,,,,,,,,fill actual speaker/session IDs and recording conditions
audio/대기/clip_086.wav,대기,,,,,,,,,,,,,,fill actual speaker/session IDs and recording conditions
audio/대기/clip_087.wav,대기,,,,,,,,,,,,,,fill actual speaker/session IDs and recording conditions
audio/대기/clip_088.wav,대기,,,,,,,,,,,,,,fill actual speaker/session IDs and recording conditions
audio/대기/clip_089.wav,대기,,,,,,,,,,,,,,fill actual speaker/session IDs and recording conditions
audio/대기/clip_090.wav,대기,,,,,,,,,,,,,,fill actual speaker/session IDs and recording conditions
audio/대기/clip_091.wav,대기,,,,,,,,,,,,,,fill actual speaker/session IDs and recording conditions
audio/대기/clip_092.wav,대기,,,,,,,,,,,,,,fill actual speaker/session IDs and recording conditions
audio/대기/clip_093.wav,대기,,,,,,,,,,,,,,fill actual speaker/session IDs and recording conditions
audio/대기/clip_094.wav,대기,,,,,,,,,,,,,,fill actual speaker/session IDs and recording conditions
audio/대기/clip_095.wav,대기,,,,,,,,,,,,,,fill actual speaker/session IDs and recording conditions
audio/대기/clip_096.wav,대기,,,,,,,,,,,,,,fill actual speaker/session IDs and recording conditions
audio/대기/clip_097.wav,대기,,,,,,,,,,,,,,fill actual speaker/session IDs and recording conditions
audio/대기/clip_098.wav,대기,,,,,,,,,,,,,,fill actual speaker/session IDs and recording conditions
audio/대기/clip_099.wav,대기,,,,,,,,,,,,,,fill actual speaker/session IDs and recording conditions
audio/대기/clip_100.wav,대기,,,,,,,,,,,,,,fill actual speaker/session IDs and recording conditions
audio/재시작/clip_001.wav,재시작,,,,,,,,,,,,,,fill actual speaker/session IDs and recording conditions
audio/재시작/clip_002.wav,재시작,,,,,,,,,,,,,,fill actual speaker/session IDs and recording conditions
audio/재시작/clip_003.wav,재시작,,,,,,,,,,,,,,fill actual speaker/session IDs and recording conditions
audio/재시작/clip_004.wav,재시작,,,,,,,,,,,,,,fill actual speaker/session IDs and recording conditions
audio/재시작/clip_005.wav,재시작,,,,,,,,,,,,,,fill actual speaker/session IDs and recording conditions
audio/재시작/clip_006.wav,재시작,,,,,,,,,,,,,,fill actual speaker/session IDs and recording conditions
audio/재시작/clip_007.wav,재시작,,,,,,,,,,,,,,fill actual speaker/session IDs and recording conditions
audio/재시작/clip_008.wav,재시작,,,,,,,,,,,,,,fill actual speaker/session IDs and recording conditions
audio/재시작/clip_009.wav,재시작,,,,,,,,,,,,,,fill actual speaker/session IDs and recording conditions
audio/재시작/clip_010.wav,재시작,,,,,,,,,,,,,,fill actual speaker/session IDs and recording conditions
audio/재시작/clip_011.wav,재시작,,,,,,,,,,,,,,fill actual speaker/session IDs and recording conditions
audio/재시작/clip_012.wav,재시작,,,,,,,,,,,,,,fill actual speaker/session IDs and recording conditions
audio/재시작/clip_013.wav,재시작,,,,,,,,,,,,,,fill actual speaker/session IDs and recording conditions
audio/재시작/clip_014.wav,재시작,,,,,,,,,,,,,,fill actual speaker/session IDs and recording conditions
audio/재시작/clip_015.wav,재시작,,,,,,,,,,,,,,fill actual speaker/session IDs and recording conditions
audio/재시작/clip_016.wav,재시작,,,,,,,,,,,,,,fill actual speaker/session IDs and recording conditions
audio/재시작/clip_017.wav,재시작,,,,,,,,,,,,,,fill actual speaker/session IDs and recording conditions
audio/재시작/clip_018.wav,재시작,,,,,,,,,,,,,,fill actual speaker/session IDs and recording conditions
audio/재시작/clip_019.wav,재시작,,,,,,,,,,,,,,fill actual speaker/session IDs and recording conditions
audio/재시작/clip_020.wav,재시작,,,,,,,,,,,,,,fill actual speaker/session IDs and recording conditions
audio/재시작/clip_021.wav,재시작,,,,,,,,,,,,,,fill actual speaker/session IDs and recording conditions
audio/재시작/clip_022.wav,재시작,,,,,,,,,,,,,,fill actual speaker/session IDs and recording conditions
audio/재시작/clip_023.wav,재시작,,,,,,,,,,,,,,fill actual speaker/session IDs and recording conditions
audio/재시작/clip_024.wav,재시작,,,,,,,,,,,,,,fill actual speaker/session IDs and recording conditions
audio/재시작/clip_025.wav,재시작,,,,,,,,,,,,,,fill actual speaker/session IDs and recording conditions
audio/재시작/clip_026.wav,재시작,,,,,,,,,,,,,,fill actual speaker/session IDs and recording conditions
audio/재시작/clip_027.wav,재시작,,,,,,,,,,,,,,fill actual speaker/session IDs and recording conditions
audio/재시작/clip_028.wav,재시작,,,,,,,,,,,,,,fill actual speaker/session IDs and recording conditions
audio/재시작/clip_029.wav,재시작,,,,,,,,,,,,,,fill actual speaker/session IDs and recording conditions
audio/재시작/clip_030.wav,재시작,,,,,,,,,,,,,,fill actual speaker/session IDs and recording conditions
audio/재시작/clip_031.wav,재시작,,,,,,,,,,,,,,fill actual speaker/session IDs and recording conditions
audio/재시작/clip_032.wav,재시작,,,,,,,,,,,,,,fill actual speaker/session IDs and recording conditions
audio/재시작/clip_033.wav,재시작,,,,,,,,,,,,,,fill actual speaker/session IDs and recording conditions
audio/재시작/clip_034.wav,재시작,,,,,,,,,,,,,,fill actual speaker/session IDs and recording conditions
audio/재시작/clip_035.wav,재시작,,,,,,,,,,,,,,fill actual speaker/session IDs and recording conditions
audio/재시작/clip_036.wav,재시작,,,,,,,,,,,,,,fill actual speaker/session IDs and recording conditions
audio/재시작/clip_037.wav,재시작,,,,,,,,,,,,,,fill actual speaker/session IDs and recording conditions
audio/재시작/clip_038.wav,재시작,,,,,,,,,,,,,,fill actual speaker/session IDs and recording conditions
audio/재시작/clip_039.wav,재시작,,,,,,,,,,,,,,fill actual speaker/session IDs and recording conditions
audio/재시작/clip_040.wav,재시작,,,,,,,,,,,,,,fill actual speaker/session IDs and recording conditions
audio/재시작/clip_041.wav,재시작,,,,,,,,,,,,,,fill actual speaker/session IDs and recording conditions
audio/재시작/clip_042.wav,재시작,,,,,,,,,,,,,,fill actual speaker/session IDs and recording conditions
audio/재시작/clip_043.wav,재시작,,,,,,,,,,,,,,fill actual speaker/session IDs and recording conditions
audio/재시작/clip_044.wav,재시작,,,,,,,,,,,,,,fill actual speaker/session IDs and recording conditions
audio/재시작/clip_045.wav,재시작,,,,,,,,,,,,,,fill actual speaker/session IDs and recording conditions
audio/재시작/clip_046.wav,재시작,,,,,,,,,,,,,,fill actual speaker/session IDs and recording conditions
audio/재시작/clip_047.wav,재시작,,,,,,,,,,,,,,fill actual speaker/session IDs and recording conditions
audio/재시작/clip_048.wav,재시작,,,,,,,,,,,,,,fill actual speaker/session IDs and recording conditions
audio/재시작/clip_049.wav,재시작,,,,,,,,,,,,,,fill actual speaker/session IDs and recording conditions
audio/재시작/clip_050.wav,재시작,,,,,,,,,,,,,,fill actual speaker/session IDs and recording conditions
audio/재시작/clip_051.wav,재시작,,,,,,,,,,,,,,fill actual speaker/session IDs and recording conditions
audio/재시작/clip_052.wav,재시작,,,,,,,,,,,,,,fill actual speaker/session IDs and recording conditions
audio/재시작/clip_053.wav,재시작,,,,,,,,,,,,,,fill actual speaker/session IDs and recording conditions
audio/재시작/clip_054.wav,재시작,,,,,,,,,,,,,,fill actual speaker/session IDs and recording conditions
audio/재시작/clip_055.wav,재시작,,,,,,,,,,,,,,fill actual speaker/session IDs and recording conditions
audio/재시작/clip_056.wav,재시작,,,,,,,,,,,,,,fill actual speaker/session IDs and recording conditions
audio/재시작/clip_057.wav,재시작,,,,,,,,,,,,,,fill actual speaker/session IDs and recording conditions
audio/재시작/clip_058.wav,재시작,,,,,,,,,,,,,,fill actual speaker/session IDs and recording conditions
audio/재시작/clip_059.wav,재시작,,,,,,,,,,,,,,fill actual speaker/session IDs and recording conditions
audio/재시작/clip_060.wav,재시작,,,,,,,,,,,,,,fill actual speaker/session IDs and recording conditions
audio/재시작/clip_061.wav,재시작,,,,,,,,,,,,,,fill actual speaker/session IDs and recording conditions
audio/재시작/clip_062.wav,재시작,,,,,,,,,,,,,,fill actual speaker/session IDs and recording conditions
audio/재시작/clip_063.wav,재시작,,,,,,,,,,,,,,fill actual speaker/session IDs and recording conditions
audio/재시작/clip_064.wav,재시작,,,,,,,,,,,,,,fill actual speaker/session IDs and recording conditions
audio/재시작/clip_065.wav,재시작,,,,,,,,,,,,,,fill actual speaker/session IDs and recording conditions
audio/재시작/clip_066.wav,재시작,,,,,,,,,,,,,,fill actual speaker/session IDs and recording conditions
audio/재시작/clip_067.wav,재시작,,,,,,,,,,,,,,fill actual speaker/session IDs and recording conditions
audio/재시작/clip_068.wav,재시작,,,,,,,,,,,,,,fill actual speaker/session IDs and recording conditions
audio/재시작/clip_069.wav,재시작,,,,,,,,,,,,,,fill actual speaker/session IDs and recording conditions
audio/재시작/clip_070.wav,재시작,,,,,,,,,,,,,,fill actual speaker/session IDs and recording conditions
audio/재시작/clip_071.wav,재시작,,,,,,,,,,,,,,fill actual speaker/session IDs and recording conditions
audio/재시작/clip_072.wav,재시작,,,,,,,,,,,,,,fill actual speaker/session IDs and recording conditions
audio/재시작/clip_073.wav,재시작,,,,,,,,,,,,,,fill actual speaker/session IDs and recording conditions
audio/재시작/clip_074.wav,재시작,,,,,,,,,,,,,,fill actual speaker/session IDs and recording conditions
audio/재시작/clip_075.wav,재시작,,,,,,,,,,,,,,fill actual speaker/session IDs and recording conditions
audio/재시작/clip_076.wav,재시작,,,,,,,,,,,,,,fill actual speaker/session IDs and recording conditions
audio/재시작/clip_077.wav,재시작,,,,,,,,,,,,,,fill actual speaker/session IDs and recording conditions
audio/재시작/clip_078.wav,재시작,,,,,,,,,,,,,,fill actual speaker/session IDs and recording conditions
audio/재시작/clip_079.wav,재시작,,,,,,,,,,,,,,fill actual speaker/session IDs and recording conditions
audio/재시작/clip_080.wav,재시작,,,,,,,,,,,,,,fill actual speaker/session IDs and recording conditions
audio/재시작/clip_081.wav,재시작,,,,,,,,,,,,,,fill actual speaker/session IDs and recording conditions
audio/재시작/clip_082.wav,재시작,,,,,,,,,,,,,,fill actual speaker/session IDs and recording conditions
audio/재시작/clip_083.wav,재시작,,,,,,,,,,,,,,fill actual speaker/session IDs and recording conditions
audio/재시작/clip_084.wav,재시작,,,,,,,,,,,,,,fill actual speaker/session IDs and recording conditions
audio/재시작/clip_085.wav,재시작,,,,,,,,,,,,,,fill actual speaker/session IDs and recording conditions
audio/재시작/clip_086.wav,재시작,,,,,,,,,,,,,,fill actual speaker/session IDs and recording conditions
audio/재시작/clip_087.wav,재시작,,,,,,,,,,,,,,fill actual speaker/session IDs and recording conditions
audio/재시작/clip_088.wav,재시작,,,,,,,,,,,,,,fill actual speaker/session IDs and recording conditions
audio/재시작/clip_089.wav,재시작,,,,,,,,,,,,,,fill actual speaker/session IDs and recording conditions
audio/재시작/clip_090.wav,재시작,,,,,,,,,,,,,,fill actual speaker/session IDs and recording conditions
audio/재시작/clip_091.wav,재시작,,,,,,,,,,,,,,fill actual speaker/session IDs and recording conditions
audio/재시작/clip_092.wav,재시작,,,,,,,,,,,,,,fill actual speaker/session IDs and recording conditions
audio/재시작/clip_093.wav,재시작,,,,,,,,,,,,,,fill actual speaker/session IDs and recording conditions
audio/재시작/clip_094.wav,재시작,,,,,,,,,,,,,,fill actual speaker/session IDs and recording conditions
audio/재시작/clip_095.wav,재시작,,,,,,,,,,,,,,fill actual speaker/session IDs and recording conditions
audio/재시작/clip_096.wav,재시작,,,,,,,,,,,,,,fill actual speaker/session IDs and recording conditions
audio/재시작/clip_097.wav,재시작,,,,,,,,,,,,,,fill actual speaker/session IDs and recording conditions
audio/재시작/clip_098.wav,재시작,,,,,,,,,,,,,,fill actual speaker/session IDs and recording conditions
audio/재시작/clip_099.wav,재시작,,,,,,,,,,,,,,fill actual speaker/session IDs and recording conditions
audio/재시작/clip_100.wav,재시작,,,,,,,,,,,,,,fill actual speaker/session IDs and recording conditions
audio/silence/clip_001.wav,silence,,,,,outdoor,,quiet,,,,,,,background only; no spoken keywords
audio/silence/clip_002.wav,silence,,,,,outdoor,,noisy,,,,,,,background only; no spoken keywords
audio/silence/clip_003.wav,silence,,,,,corridor,,quiet,,,,,,,background only; no spoken keywords
audio/silence/clip_004.wav,silence,,,,,corridor,,noisy,,,,,,,background only; no spoken keywords
audio/silence/clip_005.wav,silence,,,,,room,,quiet,,,,,,,background only; no spoken keywords
audio/silence/clip_006.wav,silence,,,,,room,,noisy,,,,,,,background only; no spoken keywords
